[{"name": "64 audio V�lour (m15) [Shewi treble+ (U6T) Target]", "preamp": 0.0, "parametric": true, "bands": [{"type": 0, "channels": 0, "frequency": 90, "q": 0, "gain": 0.0, "color": 0}, {"type": 1, "channels": 0, "frequency": 10000, "q": 0, "gain": 0.0, "color": 0}, {"type": 3, "channels": 0, "frequency": 21, "q": 0.3, "gain": -2.7, "color": -5346063}, {"type": 3, "channels": 0, "frequency": 140, "q": 5.6, "gain": 0.9, "color": -15693727}, {"type": 3, "channels": 0, "frequency": 270, "q": 1.2, "gain": -1.2, "color": -1086199}, {"type": 3, "channels": 0, "frequency": 580, "q": 1.5, "gain": 0.6, "color": -4789064}, {"type": 3, "channels": 0, "frequency": 2000, "q": 3.3, "gain": -2.2, "color": -3596835}, {"type": 3, "channels": 0, "frequency": 2800, "q": 3.4, "gain": 1.8, "color": -11845409}, {"type": 3, "channels": 0, "frequency": 4400, "q": 7.3, "gain": -2.1, "color": -10969453}, {"type": 3, "channels": 0, "frequency": 6300, "q": 3.6, "gain": -3.3, "color": -13274211}, {"type": 3, "channels": 0, "frequency": 9100, "q": 3, "gain": 5.1, "color": -15674268}, {"type": 3, "channels": 0, "frequency": 17000, "q": 2.1, "gain": -8.8, "color": -9529282}]}]