[{"name": "7Hz TimelessAE [JM-1 (IEM) (Tilt -0.8dBOct)]", "preamp": 0.0, "parametric": true, "bands": [{"type": 0, "channels": 0, "frequency": 90, "q": 0, "gain": 0.0, "color": 0}, {"type": 1, "channels": 0, "frequency": 10000, "q": 0, "gain": 0.0, "color": 0}, {"type": 3, "channels": 0, "frequency": 38, "q": 0.2, "gain": -7.8, "color": -12677151}, {"type": 3, "channels": 0, "frequency": 210, "q": 0.3, "gain": 3.7, "color": -12070556}, {"type": 3, "channels": 0, "frequency": 230, "q": 1.8, "gain": -1.7, "color": -12675599}, {"type": 3, "channels": 0, "frequency": 520, "q": 0.7, "gain": 0.9, "color": -16666909}, {"type": 3, "channels": 0, "frequency": 1200, "q": 3.7, "gain": -0.9, "color": -12276400}, {"type": 3, "channels": 0, "frequency": 2100, "q": 3.4, "gain": -1.8, "color": -4788084}, {"type": 3, "channels": 0, "frequency": 3300, "q": 1.9, "gain": 6.2, "color": -3239598}, {"type": 3, "channels": 0, "frequency": 6000, "q": 0.2, "gain": -3, "color": -10079950}, {"type": 3, "channels": 0, "frequency": 9200, "q": 5.1, "gain": 5.6, "color": -12298331}, {"type": 3, "channels": 0, "frequency": 14000, "q": 3.8, "gain": -6.7, "color": -11799866}]}]