[{"name": "7Hz TimelessAE [Harman Beta (2024) Target]", "preamp": 0.0, "parametric": true, "bands": [{"type": 0, "channels": 0, "frequency": 90, "q": 0, "gain": 0.0, "color": 0}, {"type": 1, "channels": 0, "frequency": 10000, "q": 0, "gain": 0.0, "color": 0}, {"type": 3, "channels": 0, "frequency": 21, "q": 0.4, "gain": -5, "color": -11762052}, {"type": 3, "channels": 0, "frequency": 130, "q": 5.1, "gain": 0.7, "color": -968275}, {"type": 3, "channels": 0, "frequency": 210, "q": 1.7, "gain": -2.1, "color": -8263801}, {"type": 3, "channels": 0, "frequency": 480, "q": 1.4, "gain": 2, "color": -909864}, {"type": 3, "channels": 0, "frequency": 760, "q": 3.8, "gain": 1.2, "color": -12189785}, {"type": 3, "channels": 0, "frequency": 2100, "q": 1.9, "gain": -3.6, "color": -369762}, {"type": 3, "channels": 0, "frequency": 3000, "q": 4, "gain": 2.7, "color": -2738095}, {"type": 3, "channels": 0, "frequency": 3700, "q": 1.7, "gain": 4.9, "color": -14025763}, {"type": 3, "channels": 0, "frequency": 9100, "q": 4.1, "gain": 5.8, "color": -11761040}, {"type": 3, "channels": 0, "frequency": 14000, "q": 4.4, "gain": -5.2, "color": -1248931}]}]