[{"name": "Bose QC35 II (SG) [JM-1 (IEM) (Tilt -0.8dBOct)]", "preamp": 0.0, "parametric": true, "bands": [{"type": 0, "channels": 0, "frequency": 90, "q": 0, "gain": 0.0, "color": 0}, {"type": 1, "channels": 0, "frequency": 10000, "q": 0, "gain": 0.0, "color": 0}, {"type": 3, "channels": 0, "frequency": 21, "q": 2.1, "gain": -4.1, "color": -15923736}, {"type": 3, "channels": 0, "frequency": 31, "q": 0.2, "gain": -5.4, "color": -514790}, {"type": 3, "channels": 0, "frequency": 1400, "q": 2.9, "gain": 4.3, "color": -10919170}, {"type": 3, "channels": 0, "frequency": 2100, "q": 4.8, "gain": -1.7, "color": -15438}, {"type": 3, "channels": 0, "frequency": 2900, "q": 0.9, "gain": -4.4, "color": -8479178}, {"type": 3, "channels": 0, "frequency": 3400, "q": 4.1, "gain": 1.5, "color": -9249066}, {"type": 3, "channels": 0, "frequency": 4300, "q": 5, "gain": -1.9, "color": -15919415}, {"type": 3, "channels": 0, "frequency": 11000, "q": 4.8, "gain": -1.1, "color": -7691356}, {"type": 3, "channels": 0, "frequency": 12000, "q": 8.7, "gain": -0.9, "color": -7328824}, {"type": 3, "channels": 0, "frequency": 13000, "q": 2.4, "gain": -5.2, "color": -338440}]}]