[{"name": "Bose QC45 [JM-1 (IEM) (Tilt -1dBOct)]", "preamp": 0.0, "parametric": true, "bands": [{"type": 0, "channels": 0, "frequency": 90, "q": 0, "gain": 0.0, "color": 0}, {"type": 1, "channels": 0, "frequency": 10000, "q": 0, "gain": 0.0, "color": 0}, {"type": 3, "channels": 0, "frequency": 21, "q": 3.7, "gain": 2.9, "color": -9339406}, {"type": 3, "channels": 0, "frequency": 49, "q": 0.4, "gain": -5, "color": -1978526}, {"type": 3, "channels": 0, "frequency": 68, "q": 3.1, "gain": 1, "color": -13857645}, {"type": 3, "channels": 0, "frequency": 320, "q": 2.4, "gain": 0.6, "color": -16510540}, {"type": 3, "channels": 0, "frequency": 440, "q": 2, "gain": 1, "color": -5455874}, {"type": 3, "channels": 0, "frequency": 1000, "q": 0.7, "gain": 0.9, "color": -1334236}, {"type": 3, "channels": 0, "frequency": 3200, "q": 1.9, "gain": -1.5, "color": -1429384}, {"type": 3, "channels": 0, "frequency": 8400, "q": 2.6, "gain": 9.7, "color": -7279525}, {"type": 3, "channels": 0, "frequency": 10000, "q": 0.3, "gain": -9.9, "color": -1167278}, {"type": 3, "channels": 0, "frequency": 12000, "q": 2, "gain": -8.8, "color": -9535341}]}]