[{"name": "Creative Aurvana Ace2 [64 audio V�lour (m15) (AVG)]", "preamp": 0.0, "parametric": true, "bands": [{"type": 0, "channels": 0, "frequency": 90, "q": 0, "gain": 0.0, "color": 0}, {"type": 1, "channels": 0, "frequency": 10000, "q": 0, "gain": 0.0, "color": 0}, {"type": 3, "channels": 0, "frequency": 23, "q": 0.1, "gain": -3, "color": -7533014}, {"type": 3, "channels": 0, "frequency": 35, "q": 1.4, "gain": -0.9, "color": -285075}, {"type": 3, "channels": 0, "frequency": 74, "q": 1.4, "gain": 1.2, "color": -6043155}, {"type": 3, "channels": 0, "frequency": 370, "q": 3.7, "gain": 0.7, "color": -9368630}, {"type": 3, "channels": 0, "frequency": 1900, "q": 2.2, "gain": 3, "color": -7163864}, {"type": 3, "channels": 0, "frequency": 3000, "q": 2.1, "gain": -2.8, "color": -5450612}, {"type": 3, "channels": 0, "frequency": 5900, "q": 3.7, "gain": 1.4, "color": -14650223}, {"type": 3, "channels": 0, "frequency": 6500, "q": 1.8, "gain": -5.5, "color": -7784339}, {"type": 3, "channels": 0, "frequency": 7500, "q": 4.6, "gain": -2.9, "color": -907881}, {"type": 3, "channels": 0, "frequency": 15000, "q": 2, "gain": 10.7, "color": -15152283}]}]