[{"name": "Thieaudio Monarch MkII [Moondrop x Crinacle DUSK (DSP Default) (AVG)]", "preamp": 0.0, "parametric": true, "bands": [{"type": 0, "channels": 0, "frequency": 90, "q": 0, "gain": 0.0, "color": 0}, {"type": 1, "channels": 0, "frequency": 10000, "q": 0, "gain": 0.0, "color": 0}, {"type": 3, "channels": 0, "frequency": 21, "q": 0.8, "gain": 3.5, "color": -15491402}, {"type": 3, "channels": 0, "frequency": 150, "q": 3.9, "gain": 0.8, "color": -4058399}, {"type": 3, "channels": 0, "frequency": 360, "q": 0.7, "gain": 0.7, "color": -4548601}, {"type": 3, "channels": 0, "frequency": 3700, "q": 5.1, "gain": -1.1, "color": -4135769}, {"type": 3, "channels": 0, "frequency": 4300, "q": 9.2, "gain": 2.1, "color": -9813374}, {"type": 3, "channels": 0, "frequency": 5200, "q": 6.9, "gain": -2.7, "color": -8637498}, {"type": 3, "channels": 0, "frequency": 5500, "q": 3.8, "gain": -3.3, "color": -11075427}, {"type": 3, "channels": 0, "frequency": 7000, "q": 8.1, "gain": -1.6, "color": -800094}, {"type": 3, "channels": 0, "frequency": 19000, "q": 1.6, "gain": 12.4, "color": -9568056}]}]