[{"name": "Thieaudio Monarch MkII [Apple AirPods Pro 2 (AVG)]", "preamp": 0.0, "parametric": true, "bands": [{"type": 0, "channels": 0, "frequency": 90, "q": 0, "gain": 0.0, "color": 0}, {"type": 1, "channels": 0, "frequency": 10000, "q": 0, "gain": 0.0, "color": 0}, {"type": 4, "channels": 0, "frequency": 105, "q": 0.7, "gain": 1.8, "color": -5840085}, {"type": 5, "channels": 0, "frequency": 10000, "q": 0.7, "gain": -3.9, "color": -3650693}, {"type": 3, "channels": 0, "frequency": 384, "q": 0.5, "gain": 4.1, "color": -14325995}, {"type": 3, "channels": 0, "frequency": 5184, "q": 4.4, "gain": -5.7, "color": -8131451}, {"type": 3, "channels": 0, "frequency": 1099, "q": 1.6, "gain": -2.1, "color": -2266894}, {"type": 3, "channels": 0, "frequency": 484, "q": 2.3, "gain": -1.0, "color": -841839}, {"type": 3, "channels": 0, "frequency": 119, "q": 2.0, "gain": 1.0, "color": -6681619}, {"type": 3, "channels": 0, "frequency": 9819, "q": 2.6, "gain": 1.6, "color": -515341}, {"type": 3, "channels": 0, "frequency": 1777, "q": 2.7, "gain": 1.2, "color": -5818068}, {"type": 3, "channels": 0, "frequency": 3814, "q": 6.0, "gain": -1.4, "color": -520996}, {"type": 3, "channels": 0, "frequency": 392, "q": 5.9, "gain": 0.9, "color": -4753981}, {"type": 3, "channels": 0, "frequency": 85, "q": 3.0, "gain": -0.1, "color": -15758063}, {"type": 3, "channels": 0, "frequency": 4323, "q": 6.0, "gain": 1.1, "color": -11270326}, {"type": 3, "channels": 0, "frequency": 2487, "q": 5.5, "gain": -0.5, "color": -13987341}, {"type": 3, "channels": 0, "frequency": 3673, "q": 4.6, "gain": -0.3, "color": -2301497}]}]