[{"name": "Thieaudio Monarch MkII [JM-1 (IEM) (Tilt -0.8dBOct, Bass 5dB)]", "preamp": 0.0, "parametric": true, "bands": [{"type": 0, "channels": 0, "frequency": 90, "q": 0, "gain": 0.0, "color": 0}, {"type": 1, "channels": 0, "frequency": 10000, "q": 0, "gain": 0.0, "color": 0}, {"type": 3, "channels": 0, "frequency": 27, "q": 0.8, "gain": -2.2, "color": -6490028}, {"type": 3, "channels": 0, "frequency": 90, "q": 1.9, "gain": 0.7, "color": -317851}, {"type": 3, "channels": 0, "frequency": 140, "q": 3, "gain": 0.7, "color": -9463975}, {"type": 3, "channels": 0, "frequency": 380, "q": 1.2, "gain": 2.4, "color": -15239326}, {"type": 3, "channels": 0, "frequency": 3000, "q": 3.2, "gain": 1.4, "color": -12914589}, {"type": 3, "channels": 0, "frequency": 4300, "q": 10, "gain": 2.4, "color": -12843457}, {"type": 3, "channels": 0, "frequency": 5400, "q": 3.6, "gain": -5.4, "color": -5201163}, {"type": 3, "channels": 0, "frequency": 7100, "q": 5.1, "gain": -2.1, "color": -15322005}, {"type": 3, "channels": 0, "frequency": 8600, "q": 4.6, "gain": 3.1, "color": -8114169}, {"type": 3, "channels": 0, "frequency": 13000, "q": 4.1, "gain": -6.6, "color": -11235553}]}]