[{"name": "64 audio Völour (m15) (AVG) [5128 DF (Tilt -1dBOct)]", "preamp": 0.0, "parametric": true, "bands": [{"type": 0, "channels": 0, "frequency": 90, "q": 0, "gain": 0.0, "color": 0}, {"type": 1, "channels": 0, "frequency": 10000, "q": 0, "gain": 0.0, "color": 0}, {"type": 3, "channels": 0, "frequency": 31, "q": 0.3, "gain": -6.2, "color": -9281272}, {"type": 3, "channels": 0, "frequency": 240, "q": 1.6, "gain": -1.2, "color": -9244185}, {"type": 3, "channels": 0, "frequency": 520, "q": 1.4, "gain": 1.2, "color": -590140}, {"type": 3, "channels": 0, "frequency": 750, "q": 4.3, "gain": 0.7, "color": -5912357}, {"type": 3, "channels": 0, "frequency": 1900, "q": 1.7, "gain": -3.8, "color": -11615025}, {"type": 3, "channels": 0, "frequency": 3100, "q": 2.2, "gain": 6.1, "color": -14845579}, {"type": 3, "channels": 0, "frequency": 4400, "q": 5.0, "gain": -2.7, "color": -1903874}, {"type": 3, "channels": 0, "frequency": 5700, "q": 4.9, "gain": 1.4, "color": -16400578}, {"type": 3, "channels": 0, "frequency": 6000, "q": 4.5, "gain": -1.1, "color": -15357434}, {"type": 3, "channels": 0, "frequency": 6700, "q": 2.8, "gain": -0.8, "color": -153860}, {"type": 3, "channels": 0, "frequency": 8400, "q": 2.7, "gain": 6.6, "color": -12436423}, {"type": 3, "channels": 0, "frequency": 16000, "q": 1.3, "gain": -10.0, "color": -10072416}]}]