[{"name": "64 audio U6t (m20) (AVG) [5128 DF (Tilt -1dBOct)]", "preamp": 0.0, "parametric": true, "bands": [{"type": 0, "channels": 0, "frequency": 90, "q": 0, "gain": 0.0, "color": 0}, {"type": 1, "channels": 0, "frequency": 10000, "q": 0, "gain": 0.0, "color": 0}, {"type": 3, "channels": 0, "frequency": 44, "q": 0.4, "gain": -4.4, "color": -15572222}, {"type": 3, "channels": 0, "frequency": 130, "q": 4.0, "gain": 0.8, "color": -9575678}, {"type": 3, "channels": 0, "frequency": 190, "q": 3.1, "gain": -1.0, "color": -13293982}, {"type": 3, "channels": 0, "frequency": 400, "q": 3.3, "gain": 0.7, "color": -13518481}, {"type": 3, "channels": 0, "frequency": 1000, "q": 5.0, "gain": -0.6, "color": -5517138}, {"type": 3, "channels": 0, "frequency": 1400, "q": 5.0, "gain": -0.7, "color": -4627826}, {"type": 3, "channels": 0, "frequency": 2100, "q": 2.2, "gain": -2.9, "color": -11872390}, {"type": 3, "channels": 0, "frequency": 3200, "q": 2.1, "gain": 3.6, "color": -52608}, {"type": 3, "channels": 0, "frequency": 4800, "q": 4.6, "gain": -3.3, "color": -9750961}, {"type": 3, "channels": 0, "frequency": 6500, "q": 1.7, "gain": 3.1, "color": -11160926}, {"type": 3, "channels": 0, "frequency": 11000, "q": 4.2, "gain": 8.1, "color": -14223548}, {"type": 3, "channels": 0, "frequency": 15000, "q": 2.1, "gain": -10.4, "color": -4467370}, {"type": 3, "channels": 0, "frequency": 19000, "q": 4.3, "gain": 6.7, "color": -10040744}]}]