[{"name": "7Hz TimelessAE (AVG) [5128 DF (Tilt -1dBOct)]", "preamp": 0.0, "parametric": true, "bands": [{"type": 0, "channels": 0, "frequency": 90, "q": 0, "gain": 0.0, "color": 0}, {"type": 1, "channels": 0, "frequency": 10000, "q": 0, "gain": 0.0, "color": 0}, {"type": 3, "channels": 0, "frequency": 29, "q": 0.3, "gain": -6.4, "color": -7459517}, {"type": 3, "channels": 0, "frequency": 130, "q": 4.7, "gain": 1.0, "color": -506649}, {"type": 3, "channels": 0, "frequency": 190, "q": 2.2, "gain": -0.7, "color": -3564762}, {"type": 3, "channels": 0, "frequency": 450, "q": 1.4, "gain": 2.6, "color": -4749652}, {"type": 3, "channels": 0, "frequency": 750, "q": 3.5, "gain": 1.2, "color": -10221531}, {"type": 3, "channels": 0, "frequency": 1700, "q": 5.0, "gain": 1.5, "color": -9954634}, {"type": 3, "channels": 0, "frequency": 1800, "q": 1.2, "gain": -3.9, "color": -11673971}, {"type": 3, "channels": 0, "frequency": 2200, "q": 4.1, "gain": -1.7, "color": -7662494}, {"type": 3, "channels": 0, "frequency": 3200, "q": 2.0, "gain": 4.6, "color": -7050253}, {"type": 3, "channels": 0, "frequency": 7200, "q": 3.0, "gain": -3.0, "color": -4089639}, {"type": 3, "channels": 0, "frequency": 8900, "q": 3.0, "gain": 3.1, "color": -16675771}, {"type": 3, "channels": 0, "frequency": 11000, "q": 5.0, "gain": -4.7, "color": -14370012}, {"type": 3, "channels": 0, "frequency": 14000, "q": 2.9, "gain": -6.6, "color": -2722302}, {"type": 3, "channels": 0, "frequency": 15000, "q": 5.0, "gain": -5.7, "color": -149729}]}]