[{"name": "[APROX]Moondrop Blessing2 (AVG) [5128 DF (Tilt -1dBOct)]", "preamp": 0.0, "parametric": true, "bands": [{"type": 0, "channels": 0, "frequency": 90, "q": 0, "gain": 0.0, "color": 0}, {"type": 1, "channels": 0, "frequency": 10000, "q": 0, "gain": 0.0, "color": 0}, {"type": 3, "channels": 0, "frequency": 33, "q": 0.7, "gain": -0.7, "color": -15476977}, {"type": 3, "channels": 0, "frequency": 130, "q": 2.6, "gain": 1.5, "color": -10292191}, {"type": 3, "channels": 0, "frequency": 400, "q": 1.1, "gain": 3.1, "color": -12374786}, {"type": 3, "channels": 0, "frequency": 1600, "q": 1.0, "gain": -2.7, "color": -8988150}, {"type": 3, "channels": 0, "frequency": 1700, "q": 5.0, "gain": 0.7, "color": -12546652}, {"type": 3, "channels": 0, "frequency": 2200, "q": 3.1, "gain": -0.8, "color": -5244177}, {"type": 3, "channels": 0, "frequency": 2900, "q": 5.0, "gain": 0.9, "color": -13304058}, {"type": 3, "channels": 0, "frequency": 3800, "q": 2.0, "gain": 2.5, "color": -1090538}, {"type": 3, "channels": 0, "frequency": 4800, "q": 4.3, "gain": 0.6, "color": -9216922}, {"type": 3, "channels": 0, "frequency": 5900, "q": 5.0, "gain": -3.2, "color": -2158131}, {"type": 3, "channels": 0, "frequency": 7500, "q": 4.9, "gain": -2.3, "color": -4476615}, {"type": 3, "channels": 0, "frequency": 8400, "q": 5.0, "gain": 2.7, "color": -12174950}, {"type": 3, "channels": 0, "frequency": 11000, "q": 5.0, "gain": 2.3, "color": -8649949}, {"type": 3, "channels": 0, "frequency": 15000, "q": 4.8, "gain": 1.6, "color": -12056492}]}]