[{"name": "AKG K371 (AVG) [5128 DF (Tilt -1dBOct)]", "preamp": 0.0, "parametric": true, "bands": [{"type": 0, "channels": 0, "frequency": 90, "q": 0, "gain": 0.0, "color": 0}, {"type": 1, "channels": 0, "frequency": 10000, "q": 0, "gain": 0.0, "color": 0}, {"type": 3, "channels": 0, "frequency": 27, "q": 0.6, "gain": -4.5, "color": -5496694}, {"type": 3, "channels": 0, "frequency": 67, "q": 3.5, "gain": 1.7, "color": -96293}, {"type": 3, "channels": 0, "frequency": 350, "q": 1.6, "gain": 1.1, "color": -11359727}, {"type": 3, "channels": 0, "frequency": 620, "q": 2.2, "gain": -0.9, "color": -10780291}, {"type": 3, "channels": 0, "frequency": 1000, "q": 4.8, "gain": -0.8, "color": -10281580}, {"type": 3, "channels": 0, "frequency": 1500, "q": 5.0, "gain": -0.6, "color": -10068311}, {"type": 3, "channels": 0, "frequency": 2700, "q": 3.8, "gain": 2.4, "color": -5222443}, {"type": 3, "channels": 0, "frequency": 5300, "q": 2.2, "gain": 1.8, "color": -10491229}, {"type": 3, "channels": 0, "frequency": 7300, "q": 5.0, "gain": -2.4, "color": -13768007}, {"type": 3, "channels": 0, "frequency": 9500, "q": 5.0, "gain": -5.2, "color": -1142443}, {"type": 3, "channels": 0, "frequency": 14000, "q": 3.0, "gain": -2.7, "color": -3144617}, {"type": 3, "channels": 0, "frequency": 16000, "q": 5.0, "gain": 3.7, "color": -3808079}, {"type": 3, "channels": 0, "frequency": 17000, "q": 1.8, "gain": 4.5, "color": -1980051}]}]