[{"name": "Apple AirPods Pro 2 (AVG) [5128 DF (Tilt -1dBOct)]", "preamp": 0.0, "parametric": true, "bands": [{"type": 0, "channels": 0, "frequency": 90, "q": 0, "gain": 0.0, "color": 0}, {"type": 1, "channels": 0, "frequency": 10000, "q": 0, "gain": 0.0, "color": 0}, {"type": 3, "channels": 0, "frequency": 38, "q": 0.4, "gain": -6.1, "color": -9057146}, {"type": 3, "channels": 0, "frequency": 73, "q": 4.2, "gain": 0.3, "color": -10286169}, {"type": 3, "channels": 0, "frequency": 210, "q": 3.3, "gain": -0.4, "color": -16661193}, {"type": 3, "channels": 0, "frequency": 320, "q": 1.3, "gain": -1.2, "color": -16017770}, {"type": 3, "channels": 0, "frequency": 580, "q": 4.3, "gain": -0.6, "color": -4377335}, {"type": 3, "channels": 0, "frequency": 1200, "q": 4.0, "gain": 0.6, "color": -9311998}, {"type": 3, "channels": 0, "frequency": 1900, "q": 2.4, "gain": -2.0, "color": -10809327}, {"type": 3, "channels": 0, "frequency": 2800, "q": 5.0, "gain": 0.7, "color": -11617545}, {"type": 3, "channels": 0, "frequency": 3600, "q": 4.2, "gain": -0.6, "color": -7664144}, {"type": 3, "channels": 0, "frequency": 4100, "q": 1.0, "gain": 3.3, "color": -15286025}, {"type": 3, "channels": 0, "frequency": 4800, "q": 5.0, "gain": 0.7, "color": -2285090}, {"type": 3, "channels": 0, "frequency": 6400, "q": 4.6, "gain": -1.9, "color": -8429659}, {"type": 3, "channels": 0, "frequency": 19000, "q": 1.7, "gain": 12.2, "color": -10769564}, {"type": 3, "channels": 0, "frequency": 20000, "q": 4.1, "gain": 3.4, "color": -11898071}]}]