[{"name": "Audeze EL-8 (AVG) [5128 DF (Tilt -1dBOct)]", "preamp": 0.0, "parametric": true, "bands": [{"type": 0, "channels": 0, "frequency": 90, "q": 0, "gain": 0.0, "color": 0}, {"type": 1, "channels": 0, "frequency": 10000, "q": 0, "gain": 0.0, "color": 0}, {"type": 3, "channels": 0, "frequency": 21, "q": 1.4, "gain": 5.5, "color": -4940159}, {"type": 3, "channels": 0, "frequency": 29, "q": 5.0, "gain": 0.7, "color": -8641031}, {"type": 3, "channels": 0, "frequency": 38, "q": 3.3, "gain": -1.0, "color": -4465404}, {"type": 3, "channels": 0, "frequency": 950, "q": 1.0, "gain": -1.8, "color": -12508592}, {"type": 3, "channels": 0, "frequency": 2200, "q": 5.0, "gain": -2.2, "color": -4004982}, {"type": 3, "channels": 0, "frequency": 4000, "q": 3.2, "gain": -3.1, "color": -6295779}, {"type": 3, "channels": 0, "frequency": 4900, "q": 1.7, "gain": 8.7, "color": -574525}, {"type": 3, "channels": 0, "frequency": 6000, "q": 5.0, "gain": -1.3, "color": -3338066}, {"type": 3, "channels": 0, "frequency": 7200, "q": 5.0, "gain": 12.2, "color": -4335407}, {"type": 3, "channels": 0, "frequency": 8400, "q": 4.9, "gain": 4.1, "color": -2698254}, {"type": 3, "channels": 0, "frequency": 9600, "q": 5.0, "gain": -7.2, "color": -8948545}, {"type": 3, "channels": 0, "frequency": 12000, "q": 2.7, "gain": 2.5, "color": -13352857}, {"type": 3, "channels": 0, "frequency": 15000, "q": 3.2, "gain": -8.2, "color": -14759283}]}]