[{"name": "Audeze LCD-2.0 (Pre-Fazor) (AVG) [5128 DF (Tilt -1dBOct)]", "preamp": 0.0, "parametric": true, "bands": [{"type": 0, "channels": 0, "frequency": 90, "q": 0, "gain": 0.0, "color": 0}, {"type": 1, "channels": 0, "frequency": 10000, "q": 0, "gain": 0.0, "color": 0}, {"type": 3, "channels": 0, "frequency": 21, "q": 1.0, "gain": 8.0, "color": -7037381}, {"type": 3, "channels": 0, "frequency": 62, "q": 2.1, "gain": -0.9, "color": -1905782}, {"type": 3, "channels": 0, "frequency": 270, "q": 2.3, "gain": -0.4, "color": -7075412}, {"type": 3, "channels": 0, "frequency": 440, "q": 4.2, "gain": -0.6, "color": -4906002}, {"type": 3, "channels": 0, "frequency": 1000, "q": 2.1, "gain": -3.5, "color": -14484325}, {"type": 3, "channels": 0, "frequency": 2500, "q": 1.9, "gain": 7.1, "color": -7524219}, {"type": 3, "channels": 0, "frequency": 2600, "q": 5.0, "gain": 0.7, "color": -3538207}, {"type": 3, "channels": 0, "frequency": 3100, "q": 4.3, "gain": -3.4, "color": -10951848}, {"type": 3, "channels": 0, "frequency": 4500, "q": 2.6, "gain": 6.6, "color": -12747006}, {"type": 3, "channels": 0, "frequency": 7000, "q": 4.5, "gain": -2.7, "color": -2138334}, {"type": 3, "channels": 0, "frequency": 9900, "q": 2.6, "gain": -8.3, "color": -5171435}, {"type": 3, "channels": 0, "frequency": 12000, "q": 4.1, "gain": 11.1, "color": -3023086}, {"type": 3, "channels": 0, "frequency": 17000, "q": 5.0, "gain": 7.1, "color": -16315265}, {"type": 3, "channels": 0, "frequency": 19000, "q": 1.9, "gain": -4.9, "color": -9370289}]}]