[{"name": "Audeze LCD-5 (AVG) [5128 DF (Tilt -1dBOct)]", "preamp": 0.0, "parametric": true, "bands": [{"type": 0, "channels": 0, "frequency": 90, "q": 0, "gain": 0.0, "color": 0}, {"type": 1, "channels": 0, "frequency": 10000, "q": 0, "gain": 0.0, "color": 0}, {"type": 3, "channels": 0, "frequency": 22, "q": 0.4, "gain": 4.0, "color": -9484506}, {"type": 3, "channels": 0, "frequency": 61, "q": 4.8, "gain": -0.5, "color": -3017109}, {"type": 3, "channels": 0, "frequency": 1000, "q": 4.9, "gain": -0.9, "color": -13856335}, {"type": 3, "channels": 0, "frequency": 1400, "q": 1.9, "gain": -2.0, "color": -10402667}, {"type": 3, "channels": 0, "frequency": 2200, "q": 3.7, "gain": 1.5, "color": -7775706}, {"type": 3, "channels": 0, "frequency": 2700, "q": 5.0, "gain": 1.1, "color": -10184869}, {"type": 3, "channels": 0, "frequency": 3500, "q": 3.7, "gain": -1.7, "color": -11386974}, {"type": 3, "channels": 0, "frequency": 5000, "q": 5.0, "gain": 1.1, "color": -1931842}, {"type": 3, "channels": 0, "frequency": 5900, "q": 5.0, "gain": -0.7, "color": -4250389}, {"type": 3, "channels": 0, "frequency": 6000, "q": 1.9, "gain": 5.3, "color": -1216688}, {"type": 3, "channels": 0, "frequency": 9100, "q": 5.0, "gain": -2.1, "color": -7259097}, {"type": 3, "channels": 0, "frequency": 11000, "q": 1.8, "gain": 1.7, "color": -16666147}, {"type": 3, "channels": 0, "frequency": 13000, "q": 5.0, "gain": 2.3, "color": -5914196}, {"type": 3, "channels": 0, "frequency": 15000, "q": 2.9, "gain": -4.6, "color": -4466761}]}]