[{"name": "Audiosense DT200 (AVG) [5128 DF (Tilt -1dBOct)]", "preamp": 0.0, "parametric": true, "bands": [{"type": 0, "channels": 0, "frequency": 90, "q": 0, "gain": 0.0, "color": 0}, {"type": 1, "channels": 0, "frequency": 10000, "q": 0, "gain": 0.0, "color": 0}, {"type": 3, "channels": 0, "frequency": 70, "q": 0.3, "gain": -3.0, "color": -2636004}, {"type": 3, "channels": 0, "frequency": 150, "q": 2.8, "gain": 1.4, "color": -2529898}, {"type": 3, "channels": 0, "frequency": 190, "q": 2.9, "gain": -1.9, "color": -6206855}, {"type": 3, "channels": 0, "frequency": 450, "q": 3.0, "gain": 1.4, "color": -2081088}, {"type": 3, "channels": 0, "frequency": 750, "q": 3.5, "gain": 0.8, "color": -10417539}, {"type": 3, "channels": 0, "frequency": 1400, "q": 5.0, "gain": -0.5, "color": -14661986}, {"type": 3, "channels": 0, "frequency": 2600, "q": 4.5, "gain": -1.0, "color": -6716551}, {"type": 3, "channels": 0, "frequency": 3500, "q": 3.3, "gain": 1.8, "color": -8785421}, {"type": 3, "channels": 0, "frequency": 8400, "q": 1.3, "gain": 2.5, "color": -677266}, {"type": 3, "channels": 0, "frequency": 11000, "q": 3.9, "gain": 6.7, "color": -8940948}, {"type": 3, "channels": 0, "frequency": 13000, "q": 2.2, "gain": -5.3, "color": -2896634}, {"type": 3, "channels": 0, "frequency": 15000, "q": 1.1, "gain": -4.4, "color": -5755481}]}]