[{"name": "Auribus Acoustics Sierra (AVG) [5128 DF (Tilt -1dBOct)]", "preamp": 0.0, "parametric": true, "bands": [{"type": 0, "channels": 0, "frequency": 90, "q": 0, "gain": 0.0, "color": 0}, {"type": 1, "channels": 0, "frequency": 10000, "q": 0, "gain": 0.0, "color": 0}, {"type": 3, "channels": 0, "frequency": 22, "q": 4.8, "gain": 1.1, "color": -10016446}, {"type": 3, "channels": 0, "frequency": 49, "q": 0.7, "gain": -4.7, "color": -10392387}, {"type": 3, "channels": 0, "frequency": 190, "q": 3.6, "gain": 1.5, "color": -4535871}, {"type": 3, "channels": 0, "frequency": 940, "q": 2.6, "gain": -1.3, "color": -5529247}, {"type": 3, "channels": 0, "frequency": 1500, "q": 5.0, "gain": -0.8, "color": -14674348}, {"type": 3, "channels": 0, "frequency": 2500, "q": 1.7, "gain": 2.6, "color": -5755675}, {"type": 3, "channels": 0, "frequency": 3400, "q": 5.0, "gain": 2.8, "color": -7837929}, {"type": 3, "channels": 0, "frequency": 4400, "q": 4.7, "gain": -1.4, "color": -5433194}, {"type": 3, "channels": 0, "frequency": 5900, "q": 4.8, "gain": 1.7, "color": -15975164}, {"type": 3, "channels": 0, "frequency": 8400, "q": 4.1, "gain": -4.3, "color": -8056537}, {"type": 3, "channels": 0, "frequency": 9600, "q": 5.0, "gain": 3.3, "color": -5629042}, {"type": 3, "channels": 0, "frequency": 16000, "q": 1.7, "gain": -6.6, "color": -13828323}]}]