[{"name": "Beyerdynamic DT770 Pro (AVG) [5128 DF (Tilt -1dBOct)]", "preamp": 0.0, "parametric": true, "bands": [{"type": 0, "channels": 0, "frequency": 90, "q": 0, "gain": 0.0, "color": 0}, {"type": 1, "channels": 0, "frequency": 10000, "q": 0, "gain": 0.0, "color": 0}, {"type": 3, "channels": 0, "frequency": 21, "q": 1.7, "gain": 8.0, "color": -11997197}, {"type": 3, "channels": 0, "frequency": 32, "q": 2.3, "gain": 1.3, "color": -8884497}, {"type": 3, "channels": 0, "frequency": 78, "q": 5.0, "gain": 2.8, "color": -1575172}, {"type": 3, "channels": 0, "frequency": 120, "q": 1.6, "gain": -1.9, "color": -947052}, {"type": 3, "channels": 0, "frequency": 190, "q": 4.9, "gain": 0.8, "color": -6016337}, {"type": 3, "channels": 0, "frequency": 220, "q": 1.6, "gain": 4.0, "color": -15509492}, {"type": 3, "channels": 0, "frequency": 420, "q": 2.2, "gain": 0.7, "color": -11875835}, {"type": 3, "channels": 0, "frequency": 800, "q": 3.1, "gain": 0.6, "color": -12148144}, {"type": 3, "channels": 0, "frequency": 2900, "q": 4.1, "gain": 2.1, "color": -14442493}, {"type": 3, "channels": 0, "frequency": 3600, "q": 3.9, "gain": 5.6, "color": -13319686}, {"type": 3, "channels": 0, "frequency": 4000, "q": 2.8, "gain": 3.1, "color": -3251838}, {"type": 3, "channels": 0, "frequency": 5400, "q": 3.6, "gain": 2.4, "color": -2521516}, {"type": 3, "channels": 0, "frequency": 10000, "q": 0.5, "gain": -8.2, "color": -6349822}, {"type": 3, "channels": 0, "frequency": 19000, "q": 2.5, "gain": 7.8, "color": -14460917}]}]