[{"name": "Bose QC35 II (Hype) (AVG) [5128 DF (Tilt -1dBOct)]", "preamp": 0.0, "parametric": true, "bands": [{"type": 0, "channels": 0, "frequency": 90, "q": 0, "gain": 0.0, "color": 0}, {"type": 1, "channels": 0, "frequency": 10000, "q": 0, "gain": 0.0, "color": 0}, {"type": 3, "channels": 0, "frequency": 21, "q": 3.4, "gain": -5.5, "color": -12432830}, {"type": 3, "channels": 0, "frequency": 37, "q": 0.1, "gain": -3.2, "color": -15648146}, {"type": 3, "channels": 0, "frequency": 150, "q": 1.8, "gain": 1.0, "color": -3442940}, {"type": 3, "channels": 0, "frequency": 520, "q": 2.6, "gain": -0.7, "color": -14309168}, {"type": 3, "channels": 0, "frequency": 790, "q": 0.4, "gain": 3.7, "color": -14736756}, {"type": 3, "channels": 0, "frequency": 1100, "q": 3.4, "gain": 1.7, "color": -12154931}, {"type": 3, "channels": 0, "frequency": 1700, "q": 3.8, "gain": -3.5, "color": -14360399}, {"type": 3, "channels": 0, "frequency": 2400, "q": 1.9, "gain": -4.9, "color": -16134670}, {"type": 3, "channels": 0, "frequency": 3300, "q": 5.0, "gain": 2.1, "color": -6764588}, {"type": 3, "channels": 0, "frequency": 4600, "q": 1.9, "gain": -1.0, "color": -9120883}, {"type": 3, "channels": 0, "frequency": 5400, "q": 5.0, "gain": 2.6, "color": -6799782}, {"type": 3, "channels": 0, "frequency": 6300, "q": 4.3, "gain": -6.2, "color": -728473}, {"type": 3, "channels": 0, "frequency": 8500, "q": 5.0, "gain": 5.7, "color": -11986958}, {"type": 3, "channels": 0, "frequency": 12000, "q": 5.0, "gain": -2.4, "color": -7757391}]}]