[{"name": "Bose QC45 (AVG) [5128 DF (Tilt -1dBOct)]", "preamp": 0.0, "parametric": true, "bands": [{"type": 0, "channels": 0, "frequency": 90, "q": 0, "gain": 0.0, "color": 0}, {"type": 1, "channels": 0, "frequency": 10000, "q": 0, "gain": 0.0, "color": 0}, {"type": 3, "channels": 0, "frequency": 21, "q": 2.9, "gain": 4.2, "color": -15627566}, {"type": 3, "channels": 0, "frequency": 36, "q": 0.1, "gain": -1.6, "color": -11310336}, {"type": 3, "channels": 0, "frequency": 39, "q": 2.1, "gain": -1.3, "color": -12320223}, {"type": 3, "channels": 0, "frequency": 470, "q": 0.4, "gain": 4.6, "color": -15503987}, {"type": 3, "channels": 0, "frequency": 1200, "q": 5.0, "gain": 1.0, "color": -2911317}, {"type": 3, "channels": 0, "frequency": 1500, "q": 4.8, "gain": -1.3, "color": -12563706}, {"type": 3, "channels": 0, "frequency": 1800, "q": 4.1, "gain": 1.5, "color": -15338639}, {"type": 3, "channels": 0, "frequency": 2500, "q": 5.0, "gain": -1.2, "color": -8409804}, {"type": 3, "channels": 0, "frequency": 3600, "q": 5.0, "gain": -1.2, "color": -8751604}, {"type": 3, "channels": 0, "frequency": 5300, "q": 2.3, "gain": 1.7, "color": -10659027}, {"type": 3, "channels": 0, "frequency": 6500, "q": 5.0, "gain": -3.7, "color": -4808395}, {"type": 3, "channels": 0, "frequency": 8100, "q": 3.0, "gain": 10.0, "color": -1479596}, {"type": 3, "channels": 0, "frequency": 10000, "q": 0.3, "gain": -5.2, "color": -4418232}, {"type": 3, "channels": 0, "frequency": 12000, "q": 2.3, "gain": -9.1, "color": -14173627}]}]