[{"name": "Bose QC35 II (SG) (AVG) [5128 DF (Tilt -1dBOct)]", "preamp": 0.0, "parametric": true, "bands": [{"type": 0, "channels": 0, "frequency": 90, "q": 0, "gain": 0.0, "color": 0}, {"type": 1, "channels": 0, "frequency": 10000, "q": 0, "gain": 0.0, "color": 0}, {"type": 3, "channels": 0, "frequency": 21, "q": 0.2, "gain": -3.8, "color": -4672004}, {"type": 3, "channels": 0, "frequency": 21, "q": 2.6, "gain": -3.0, "color": -3698252}, {"type": 3, "channels": 0, "frequency": 47, "q": 1.5, "gain": 0.4, "color": -4359880}, {"type": 3, "channels": 0, "frequency": 610, "q": 0.7, "gain": 1.6, "color": -7022572}, {"type": 3, "channels": 0, "frequency": 1300, "q": 5.0, "gain": 1.0, "color": -807988}, {"type": 3, "channels": 0, "frequency": 1500, "q": 2.4, "gain": 3.9, "color": -9572149}, {"type": 3, "channels": 0, "frequency": 2200, "q": 1.8, "gain": -4.8, "color": -13578492}, {"type": 3, "channels": 0, "frequency": 4300, "q": 3.9, "gain": -2.2, "color": -11703063}, {"type": 3, "channels": 0, "frequency": 5400, "q": 5.0, "gain": 2.9, "color": -11004444}, {"type": 3, "channels": 0, "frequency": 8100, "q": 3.8, "gain": 3.5, "color": -7304999}, {"type": 3, "channels": 0, "frequency": 9400, "q": 5.0, "gain": -4.0, "color": -10704059}, {"type": 3, "channels": 0, "frequency": 10000, "q": 3.0, "gain": 3.3, "color": -15996310}, {"type": 3, "channels": 0, "frequency": 12000, "q": 2.0, "gain": -4.5, "color": -7999436}]}]