[{"name": "Creative Aurvana Ace2 (AVG) [5128 DF (Tilt -1dBOct)]", "preamp": 0.0, "parametric": true, "bands": [{"type": 0, "channels": 0, "frequency": 90, "q": 0, "gain": 0.0, "color": 0}, {"type": 1, "channels": 0, "frequency": 10000, "q": 0, "gain": 0.0, "color": 0}, {"type": 3, "channels": 0, "frequency": 30, "q": 0.3, "gain": -8.8, "color": -11233917}, {"type": 3, "channels": 0, "frequency": 62, "q": 3.9, "gain": 0.7, "color": -7551479}, {"type": 3, "channels": 0, "frequency": 97, "q": 2.3, "gain": 1.1, "color": -12132040}, {"type": 3, "channels": 0, "frequency": 210, "q": 1.5, "gain": -1.8, "color": -8586080}, {"type": 3, "channels": 0, "frequency": 390, "q": 3.6, "gain": 0.6, "color": -626516}, {"type": 3, "channels": 0, "frequency": 550, "q": 1.2, "gain": 1.9, "color": -5804147}, {"type": 3, "channels": 0, "frequency": 3200, "q": 2.3, "gain": 3.4, "color": -16492537}, {"type": 3, "channels": 0, "frequency": 4400, "q": 4.9, "gain": -3.1, "color": -14367369}, {"type": 3, "channels": 0, "frequency": 6600, "q": 3.7, "gain": -4.2, "color": -6163738}, {"type": 3, "channels": 0, "frequency": 7300, "q": 5.0, "gain": -2.9, "color": -3411407}, {"type": 3, "channels": 0, "frequency": 9100, "q": 2.3, "gain": 5.1, "color": -16192327}, {"type": 3, "channels": 0, "frequency": 17000, "q": 5.0, "gain": -8.6, "color": -1729450}]}]