[{"name": "FATFreq Scarlet Mini (AVG) [5128 DF (Tilt -1dBOct)]", "preamp": 0.0, "parametric": true, "bands": [{"type": 0, "channels": 0, "frequency": 90, "q": 0, "gain": 0.0, "color": 0}, {"type": 1, "channels": 0, "frequency": 10000, "q": 0, "gain": 0.0, "color": 0}, {"type": 3, "channels": 0, "frequency": 21, "q": 2.4, "gain": -1.8, "color": -4670481}, {"type": 3, "channels": 0, "frequency": 23, "q": 0.2, "gain": -16.0, "color": -16583640}, {"type": 3, "channels": 0, "frequency": 190, "q": 4.1, "gain": -1.1, "color": -4954906}, {"type": 3, "channels": 0, "frequency": 450, "q": 0.9, "gain": 3.7, "color": -16610349}, {"type": 3, "channels": 0, "frequency": 780, "q": 4.6, "gain": 0.7, "color": -8259171}, {"type": 3, "channels": 0, "frequency": 2900, "q": 2.3, "gain": 2.3, "color": -10189957}, {"type": 3, "channels": 0, "frequency": 4900, "q": 4.9, "gain": -0.5, "color": -16354888}, {"type": 3, "channels": 0, "frequency": 5800, "q": 5.0, "gain": 2.2, "color": -10813730}, {"type": 3, "channels": 0, "frequency": 7100, "q": 4.9, "gain": -8.3, "color": -8600915}, {"type": 3, "channels": 0, "frequency": 8500, "q": 4.8, "gain": 9.3, "color": -4851025}, {"type": 3, "channels": 0, "frequency": 10000, "q": 5.0, "gain": 4.8, "color": -7720543}, {"type": 3, "channels": 0, "frequency": 12000, "q": 3.5, "gain": -13.8, "color": -4852050}]}]