[{"name": "FiiO x Crinacle FHE-Eclipse (AVG) [5128 DF (Tilt -1dBOct)]", "preamp": 0.0, "parametric": true, "bands": [{"type": 0, "channels": 0, "frequency": 90, "q": 0, "gain": 0.0, "color": 0}, {"type": 1, "channels": 0, "frequency": 10000, "q": 0, "gain": 0.0, "color": 0}, {"type": 3, "channels": 0, "frequency": 22, "q": 0.3, "gain": -7.9, "color": -3004619}, {"type": 3, "channels": 0, "frequency": 150, "q": 2.7, "gain": -1.7, "color": -12078044}, {"type": 3, "channels": 0, "frequency": 420, "q": 2.0, "gain": 2.6, "color": -8332820}, {"type": 3, "channels": 0, "frequency": 1500, "q": 1.7, "gain": -1.9, "color": -1481496}, {"type": 3, "channels": 0, "frequency": 3400, "q": 5.0, "gain": 3.0, "color": -14019293}, {"type": 3, "channels": 0, "frequency": 5200, "q": 5.0, "gain": 5.0, "color": -8001726}, {"type": 3, "channels": 0, "frequency": 6200, "q": 3.6, "gain": -3.5, "color": -2600734}, {"type": 3, "channels": 0, "frequency": 7200, "q": 5.0, "gain": -2.2, "color": -14570337}, {"type": 3, "channels": 0, "frequency": 8400, "q": 5.0, "gain": 4.6, "color": -11935743}, {"type": 3, "channels": 0, "frequency": 9600, "q": 5.0, "gain": -4.3, "color": -15592311}, {"type": 3, "channels": 0, "frequency": 11000, "q": 4.2, "gain": 5.3, "color": -12434064}, {"type": 3, "channels": 0, "frequency": 13000, "q": 5.0, "gain": -4.9, "color": -8606777}, {"type": 3, "channels": 0, "frequency": 14000, "q": 3.4, "gain": 2.1, "color": -11878110}, {"type": 3, "channels": 0, "frequency": 18000, "q": 4.0, "gain": 5.4, "color": -16057621}]}]