[{"name": "Focal Stellia (AVG) [5128 DF (Tilt -1dBOct)]", "preamp": 0.0, "parametric": true, "bands": [{"type": 0, "channels": 0, "frequency": 90, "q": 0, "gain": 0.0, "color": 0}, {"type": 1, "channels": 0, "frequency": 10000, "q": 0, "gain": 0.0, "color": 0}, {"type": 3, "channels": 0, "frequency": 24, "q": 2.2, "gain": -0.9, "color": -6409075}, {"type": 3, "channels": 0, "frequency": 41, "q": 5.0, "gain": -0.9, "color": -12146578}, {"type": 3, "channels": 0, "frequency": 56, "q": 3.8, "gain": 2.1, "color": -14150816}, {"type": 3, "channels": 0, "frequency": 100, "q": 0.7, "gain": -6.5, "color": -10442245}, {"type": 3, "channels": 0, "frequency": 210, "q": 3.2, "gain": 0.6, "color": -11021398}, {"type": 3, "channels": 0, "frequency": 280, "q": 1.2, "gain": 3.9, "color": -15405993}, {"type": 3, "channels": 0, "frequency": 1000, "q": 4.1, "gain": -1.0, "color": -13128304}, {"type": 3, "channels": 0, "frequency": 1700, "q": 5.0, "gain": 1.0, "color": -11462014}, {"type": 3, "channels": 0, "frequency": 1800, "q": 2.2, "gain": -2.6, "color": -11324157}, {"type": 3, "channels": 0, "frequency": 4300, "q": 2.6, "gain": 5.7, "color": -7595407}, {"type": 3, "channels": 0, "frequency": 5900, "q": 5.0, "gain": -2.7, "color": -1635548}, {"type": 3, "channels": 0, "frequency": 8700, "q": 3.4, "gain": -4.2, "color": -10946533}, {"type": 3, "channels": 0, "frequency": 11000, "q": 4.6, "gain": 7.0, "color": -12350913}, {"type": 3, "channels": 0, "frequency": 16000, "q": 4.0, "gain": 4.3, "color": -6312848}]}]