[{"name": "Focal Utopia 2022 (AVG) [5128 DF (Tilt -1dBOct)]", "preamp": 0.0, "parametric": true, "bands": [{"type": 0, "channels": 0, "frequency": 90, "q": 0, "gain": 0.0, "color": 0}, {"type": 1, "channels": 0, "frequency": 10000, "q": 0, "gain": 0.0, "color": 0}, {"type": 3, "channels": 0, "frequency": 20, "q": 0.6, "gain": 5.7, "color": -13576609}, {"type": 3, "channels": 0, "frequency": 170, "q": 0.8, "gain": -0.8, "color": -15288128}, {"type": 3, "channels": 0, "frequency": 1200, "q": 2.0, "gain": -2.4, "color": -6611485}, {"type": 3, "channels": 0, "frequency": 1500, "q": 4.8, "gain": -1.5, "color": -8986938}, {"type": 3, "channels": 0, "frequency": 3500, "q": 0.6, "gain": 2.1, "color": -16238163}, {"type": 3, "channels": 0, "frequency": 4900, "q": 5.0, "gain": 1.7, "color": -1912458}, {"type": 3, "channels": 0, "frequency": 5900, "q": 5.0, "gain": -3.1, "color": -2387840}, {"type": 3, "channels": 0, "frequency": 7000, "q": 4.4, "gain": 2.1, "color": -1139481}, {"type": 3, "channels": 0, "frequency": 8300, "q": 5.0, "gain": -2.6, "color": -2980626}, {"type": 3, "channels": 0, "frequency": 9200, "q": 5.0, "gain": -3.7, "color": -4314702}, {"type": 3, "channels": 0, "frequency": 10000, "q": 3.5, "gain": 5.8, "color": -14061027}, {"type": 3, "channels": 0, "frequency": 11000, "q": 5.0, "gain": 3.9, "color": -990726}, {"type": 3, "channels": 0, "frequency": 13000, "q": 3.1, "gain": -2.9, "color": -4248687}, {"type": 3, "channels": 0, "frequency": 19000, "q": 2.7, "gain": 2.0, "color": -6532618}]}]