[{"name": "Focal Clear (AVG) [5128 DF (Tilt -1dBOct)]", "preamp": 0.0, "parametric": true, "bands": [{"type": 0, "channels": 0, "frequency": 90, "q": 0, "gain": 0.0, "color": 0}, {"type": 1, "channels": 0, "frequency": 10000, "q": 0, "gain": 0.0, "color": 0}, {"type": 3, "channels": 0, "frequency": 20, "q": 1.0, "gain": 4.1, "color": -2190214}, {"type": 3, "channels": 0, "frequency": 120, "q": 0.8, "gain": -0.9, "color": -6583985}, {"type": 3, "channels": 0, "frequency": 630, "q": 1.5, "gain": 0.7, "color": -1641913}, {"type": 3, "channels": 0, "frequency": 1300, "q": 2.0, "gain": -2.6, "color": -14265108}, {"type": 3, "channels": 0, "frequency": 2400, "q": 2.5, "gain": 2.5, "color": -9271274}, {"type": 3, "channels": 0, "frequency": 3600, "q": 5.0, "gain": -2.0, "color": -2098843}, {"type": 3, "channels": 0, "frequency": 4600, "q": 3.3, "gain": 4.3, "color": -2272565}, {"type": 3, "channels": 0, "frequency": 6000, "q": 5.0, "gain": -3.0, "color": -16699231}, {"type": 3, "channels": 0, "frequency": 6700, "q": 5.0, "gain": 5.3, "color": -5120798}, {"type": 3, "channels": 0, "frequency": 9300, "q": 3.1, "gain": -3.3, "color": -1252886}, {"type": 3, "channels": 0, "frequency": 9500, "q": 5.0, "gain": -1.7, "color": -9723553}, {"type": 3, "channels": 0, "frequency": 10000, "q": 5.0, "gain": 1.8, "color": -2334962}, {"type": 3, "channels": 0, "frequency": 13000, "q": 4.3, "gain": -3.6, "color": -695044}, {"type": 3, "channels": 0, "frequency": 17000, "q": 1.4, "gain": 7.1, "color": -8363504}]}]