[{"name": "Focal Utopia (AVG) [5128 DF (Tilt -1dBOct)]", "preamp": 0.0, "parametric": true, "bands": [{"type": 0, "channels": 0, "frequency": 90, "q": 0, "gain": 0.0, "color": 0}, {"type": 1, "channels": 0, "frequency": 10000, "q": 0, "gain": 0.0, "color": 0}, {"type": 3, "channels": 0, "frequency": 20, "q": 0.8, "gain": 5.6, "color": -10883854}, {"type": 3, "channels": 0, "frequency": 670, "q": 1.7, "gain": 0.7, "color": -1243077}, {"type": 3, "channels": 0, "frequency": 1000, "q": 5.0, "gain": -1.0, "color": -12311762}, {"type": 3, "channels": 0, "frequency": 1300, "q": 2.5, "gain": -2.4, "color": -8148466}, {"type": 3, "channels": 0, "frequency": 2000, "q": 2.1, "gain": 2.4, "color": -2165222}, {"type": 3, "channels": 0, "frequency": 3600, "q": 5.0, "gain": 0.7, "color": -6087374}, {"type": 3, "channels": 0, "frequency": 5000, "q": 5.0, "gain": 2.6, "color": -708168}, {"type": 3, "channels": 0, "frequency": 6000, "q": 5.0, "gain": -3.3, "color": -2252382}, {"type": 3, "channels": 0, "frequency": 7000, "q": 5.0, "gain": 3.7, "color": -8423961}, {"type": 3, "channels": 0, "frequency": 8100, "q": 5.0, "gain": -4.7, "color": -743258}, {"type": 3, "channels": 0, "frequency": 9300, "q": 4.8, "gain": -2.9, "color": -7165177}, {"type": 3, "channels": 0, "frequency": 10000, "q": 2.5, "gain": 2.0, "color": -1365743}, {"type": 3, "channels": 0, "frequency": 13000, "q": 3.7, "gain": -2.9, "color": -7600738}, {"type": 3, "channels": 0, "frequency": 16000, "q": 1.7, "gain": 6.0, "color": -897111}]}]