[{"name": "Google Pixel Buds A (AVG) [5128 DF (Tilt -1dBOct)]", "preamp": 0.0, "parametric": true, "bands": [{"type": 0, "channels": 0, "frequency": 90, "q": 0, "gain": 0.0, "color": 0}, {"type": 1, "channels": 0, "frequency": 10000, "q": 0, "gain": 0.0, "color": 0}, {"type": 3, "channels": 0, "frequency": 21, "q": 2.8, "gain": 7.7, "color": -11832437}, {"type": 3, "channels": 0, "frequency": 35, "q": 0.1, "gain": 5.4, "color": -8195285}, {"type": 3, "channels": 0, "frequency": 53, "q": 0.5, "gain": -1.8, "color": -9252458}, {"type": 3, "channels": 0, "frequency": 89, "q": 2.9, "gain": -0.8, "color": -13000650}, {"type": 3, "channels": 0, "frequency": 180, "q": 1.0, "gain": 4.5, "color": -11413617}, {"type": 3, "channels": 0, "frequency": 390, "q": 1.8, "gain": -1.2, "color": -12560730}, {"type": 3, "channels": 0, "frequency": 570, "q": 3.6, "gain": -0.8, "color": -15974154}, {"type": 3, "channels": 0, "frequency": 1000, "q": 4.7, "gain": -0.6, "color": -8738450}, {"type": 3, "channels": 0, "frequency": 4000, "q": 3.0, "gain": -5.4, "color": -6670264}, {"type": 3, "channels": 0, "frequency": 5900, "q": 2.2, "gain": 5.0, "color": -4661116}, {"type": 3, "channels": 0, "frequency": 6700, "q": 3.5, "gain": 1.5, "color": -9743240}, {"type": 3, "channels": 0, "frequency": 9300, "q": 2.9, "gain": -11.4, "color": -7552897}, {"type": 3, "channels": 0, "frequency": 13000, "q": 1.6, "gain": 9.2, "color": -2830188}]}]