[{"name": "Google Pixel Buds A (bass boost) (AVG) [5128 DF (Tilt -1dBOct)]", "preamp": 0.0, "parametric": true, "bands": [{"type": 0, "channels": 0, "frequency": 90, "q": 0, "gain": 0.0, "color": 0}, {"type": 1, "channels": 0, "frequency": 10000, "q": 0, "gain": 0.0, "color": 0}, {"type": 3, "channels": 0, "frequency": 21, "q": 5.0, "gain": 7.0, "color": -9652387}, {"type": 3, "channels": 0, "frequency": 32, "q": 2.3, "gain": -1.3, "color": -12953643}, {"type": 3, "channels": 0, "frequency": 45, "q": 0.6, "gain": -7.9, "color": -8335053}, {"type": 3, "channels": 0, "frequency": 57, "q": 3.8, "gain": 0.9, "color": -5075288}, {"type": 3, "channels": 0, "frequency": 160, "q": 5.0, "gain": 0.7, "color": -10806659}, {"type": 3, "channels": 0, "frequency": 200, "q": 1.3, "gain": 3.4, "color": -11985629}, {"type": 3, "channels": 0, "frequency": 740, "q": 1.8, "gain": 1.8, "color": -1925965}, {"type": 3, "channels": 0, "frequency": 1300, "q": 3.0, "gain": 0.8, "color": -12975102}, {"type": 3, "channels": 0, "frequency": 4000, "q": 3.0, "gain": -4.6, "color": -9454754}, {"type": 3, "channels": 0, "frequency": 5900, "q": 3.0, "gain": 5.0, "color": -2019724}, {"type": 3, "channels": 0, "frequency": 6100, "q": 5.0, "gain": -0.7, "color": -1444730}, {"type": 3, "channels": 0, "frequency": 6800, "q": 3.9, "gain": 2.2, "color": -5091615}, {"type": 3, "channels": 0, "frequency": 9400, "q": 3.5, "gain": -10.0, "color": -9279870}, {"type": 3, "channels": 0, "frequency": 13000, "q": 3.1, "gain": 9.2, "color": -4584992}]}]