[{"name": "Hifiman Sundara (AVG) [5128 DF (Tilt -1dBOct)]", "preamp": 0.0, "parametric": true, "bands": [{"type": 0, "channels": 0, "frequency": 90, "q": 0, "gain": 0.0, "color": 0}, {"type": 1, "channels": 0, "frequency": 10000, "q": 0, "gain": 0.0, "color": 0}, {"type": 3, "channels": 0, "frequency": 21, "q": 1.1, "gain": 8.8, "color": -7502370}, {"type": 3, "channels": 0, "frequency": 65, "q": 2.8, "gain": -0.7, "color": -1638742}, {"type": 3, "channels": 0, "frequency": 190, "q": 1.8, "gain": 0.3, "color": -8386662}, {"type": 3, "channels": 0, "frequency": 500, "q": 3.9, "gain": 0.7, "color": -8204232}, {"type": 3, "channels": 0, "frequency": 1000, "q": 5.0, "gain": -0.6, "color": -16313605}, {"type": 3, "channels": 0, "frequency": 2400, "q": 1.8, "gain": 3.3, "color": -367227}, {"type": 3, "channels": 0, "frequency": 4300, "q": 3.5, "gain": -2.1, "color": -6504983}, {"type": 3, "channels": 0, "frequency": 5000, "q": 4.0, "gain": -0.4, "color": -8504541}, {"type": 3, "channels": 0, "frequency": 5700, "q": 5.0, "gain": 1.7, "color": -11977480}, {"type": 3, "channels": 0, "frequency": 6700, "q": 5.0, "gain": -3.1, "color": -10576886}, {"type": 3, "channels": 0, "frequency": 9500, "q": 2.8, "gain": -5.4, "color": -7731224}, {"type": 3, "channels": 0, "frequency": 12000, "q": 5.0, "gain": 1.5, "color": -1807318}, {"type": 3, "channels": 0, "frequency": 15000, "q": 2.3, "gain": -5.0, "color": -10407530}, {"type": 3, "channels": 0, "frequency": 19000, "q": 2.2, "gain": 4.3, "color": -8254811}]}]