[{"name": "HyperX Cloud 2 Wireless (AVG) [5128 DF (Tilt -1dBOct)]", "preamp": 0.0, "parametric": true, "bands": [{"type": 0, "channels": 0, "frequency": 90, "q": 0, "gain": 0.0, "color": 0}, {"type": 1, "channels": 0, "frequency": 10000, "q": 0, "gain": 0.0, "color": 0}, {"type": 3, "channels": 0, "frequency": 20, "q": 4.2, "gain": 1.3, "color": -8678030}, {"type": 3, "channels": 0, "frequency": 36, "q": 1.4, "gain": -0.5, "color": -14630615}, {"type": 3, "channels": 0, "frequency": 73, "q": 3.1, "gain": 0.7, "color": -16708461}, {"type": 3, "channels": 0, "frequency": 120, "q": 0.4, "gain": -2.8, "color": -10731087}, {"type": 3, "channels": 0, "frequency": 140, "q": 3.5, "gain": 0.1, "color": -1637422}, {"type": 3, "channels": 0, "frequency": 230, "q": 2.2, "gain": -1.8, "color": -4806061}, {"type": 3, "channels": 0, "frequency": 330, "q": 4.4, "gain": 1.1, "color": -9303652}, {"type": 3, "channels": 0, "frequency": 400, "q": 1.8, "gain": 3.1, "color": -8139113}, {"type": 3, "channels": 0, "frequency": 810, "q": 3.0, "gain": 1.8, "color": -11583733}, {"type": 3, "channels": 0, "frequency": 4100, "q": 4.9, "gain": 6.7, "color": -8293939}, {"type": 3, "channels": 0, "frequency": 4200, "q": 4.0, "gain": 1.8, "color": -6205365}, {"type": 3, "channels": 0, "frequency": 11000, "q": 0.8, "gain": -7.3, "color": -4958641}]}]