[{"name": "Kinera URD (AVG) [5128 DF (Tilt -1dBOct)]", "preamp": 0.0, "parametric": true, "bands": [{"type": 0, "channels": 0, "frequency": 90, "q": 0, "gain": 0.0, "color": 0}, {"type": 1, "channels": 0, "frequency": 10000, "q": 0, "gain": 0.0, "color": 0}, {"type": 3, "channels": 0, "frequency": 23, "q": 0.3, "gain": -4.5, "color": -6556506}, {"type": 3, "channels": 0, "frequency": 180, "q": 3.9, "gain": -0.9, "color": -11995014}, {"type": 3, "channels": 0, "frequency": 580, "q": 1.3, "gain": 1.8, "color": -10324469}, {"type": 3, "channels": 0, "frequency": 990, "q": 4.8, "gain": -1.0, "color": -10511693}, {"type": 3, "channels": 0, "frequency": 1700, "q": 0.7, "gain": -2.7, "color": -308373}, {"type": 3, "channels": 0, "frequency": 2200, "q": 4.9, "gain": -0.9, "color": -4137279}, {"type": 3, "channels": 0, "frequency": 3100, "q": 2.4, "gain": 5.7, "color": -6092566}, {"type": 3, "channels": 0, "frequency": 3700, "q": 4.5, "gain": 1.4, "color": -11752080}, {"type": 3, "channels": 0, "frequency": 4800, "q": 4.1, "gain": -2.8, "color": -5940848}, {"type": 3, "channels": 0, "frequency": 6100, "q": 4.9, "gain": 4.3, "color": -16244481}, {"type": 3, "channels": 0, "frequency": 7200, "q": 5.0, "gain": 2.8, "color": -13160354}, {"type": 3, "channels": 0, "frequency": 9600, "q": 5.0, "gain": -5.0, "color": -371133}, {"type": 3, "channels": 0, "frequency": 12000, "q": 3.3, "gain": 4.7, "color": -8056606}, {"type": 3, "channels": 0, "frequency": 19000, "q": 1.5, "gain": 10.2, "color": -13306474}]}]