[{"name": "Kiwi Ears x Crinacle Singolo (R) [5128 DF (Tilt -1dBOct)]", "preamp": 0.0, "parametric": true, "bands": [{"type": 0, "channels": 0, "frequency": 90, "q": 0, "gain": 0.0, "color": 0}, {"type": 1, "channels": 0, "frequency": 10000, "q": 0, "gain": 0.0, "color": 0}, {"type": 3, "channels": 0, "frequency": 27, "q": 0.4, "gain": -6.0, "color": -11919455}, {"type": 3, "channels": 0, "frequency": 83, "q": 3.4, "gain": -0.6, "color": -16582900}, {"type": 3, "channels": 0, "frequency": 140, "q": 4.0, "gain": 1.9, "color": -10993213}, {"type": 3, "channels": 0, "frequency": 330, "q": 0.9, "gain": 1.7, "color": -9824090}, {"type": 3, "channels": 0, "frequency": 1400, "q": 2.4, "gain": -1.6, "color": -8631842}, {"type": 3, "channels": 0, "frequency": 1900, "q": 5.0, "gain": -0.6, "color": -10009573}, {"type": 3, "channels": 0, "frequency": 2800, "q": 4.0, "gain": 1.9, "color": -14380081}, {"type": 3, "channels": 0, "frequency": 3900, "q": 4.2, "gain": -1.9, "color": -13793088}, {"type": 3, "channels": 0, "frequency": 4500, "q": 5.0, "gain": -1.0, "color": -3114877}, {"type": 3, "channels": 0, "frequency": 5800, "q": 4.0, "gain": 1.7, "color": -8139207}, {"type": 3, "channels": 0, "frequency": 8600, "q": 3.8, "gain": 3.6, "color": -2461678}, {"type": 3, "channels": 0, "frequency": 12000, "q": 4.1, "gain": -5.7, "color": -13712290}, {"type": 3, "channels": 0, "frequency": 18000, "q": 1.9, "gain": 7.9, "color": -2853933}, {"type": 3, "channels": 0, "frequency": 19000, "q": 3.0, "gain": 12.2, "color": -12937604}]}]