[{"name": "Kiwi Ears Orchestra (AVG) [5128 DF (Tilt -1dBOct)]", "preamp": 0.0, "parametric": true, "bands": [{"type": 0, "channels": 0, "frequency": 90, "q": 0, "gain": 0.0, "color": 0}, {"type": 1, "channels": 0, "frequency": 10000, "q": 0, "gain": 0.0, "color": 0}, {"type": 3, "channels": 0, "frequency": 20, "q": 0.7, "gain": 1.6, "color": -11542914}, {"type": 3, "channels": 0, "frequency": 150, "q": 2.3, "gain": 1.2, "color": -7169713}, {"type": 3, "channels": 0, "frequency": 390, "q": 2.5, "gain": 1.7, "color": -435091}, {"type": 3, "channels": 0, "frequency": 780, "q": 4.3, "gain": 0.6, "color": -3853669}, {"type": 3, "channels": 0, "frequency": 1000, "q": 5.0, "gain": -0.5, "color": -10431470}, {"type": 3, "channels": 0, "frequency": 1300, "q": 1.9, "gain": -1.3, "color": -8220453}, {"type": 3, "channels": 0, "frequency": 2000, "q": 1.9, "gain": -1.7, "color": -11100187}, {"type": 3, "channels": 0, "frequency": 3200, "q": 1.8, "gain": 5.0, "color": -16604002}, {"type": 3, "channels": 0, "frequency": 5300, "q": 5.0, "gain": 3.2, "color": -7465492}, {"type": 3, "channels": 0, "frequency": 6800, "q": 3.3, "gain": -6.3, "color": -6635810}, {"type": 3, "channels": 0, "frequency": 13000, "q": 3.7, "gain": -7.5, "color": -7981297}, {"type": 3, "channels": 0, "frequency": 18000, "q": 2.2, "gain": 4.1, "color": -7957906}, {"type": 3, "channels": 0, "frequency": 18000, "q": 2.5, "gain": 2.6, "color": -1863948}]}]