[{"name": "Logitech G PRO X (AVG) [5128 DF (Tilt -1dBOct)]", "preamp": 0.0, "parametric": true, "bands": [{"type": 0, "channels": 0, "frequency": 90, "q": 0, "gain": 0.0, "color": 0}, {"type": 1, "channels": 0, "frequency": 10000, "q": 0, "gain": 0.0, "color": 0}, {"type": 3, "channels": 0, "frequency": 22, "q": 0.4, "gain": 7.5, "color": -14306041}, {"type": 3, "channels": 0, "frequency": 30, "q": 2.8, "gain": -1.0, "color": -9946531}, {"type": 3, "channels": 0, "frequency": 110, "q": 4.9, "gain": -0.6, "color": -7972963}, {"type": 3, "channels": 0, "frequency": 180, "q": 1.0, "gain": -4.0, "color": -1507404}, {"type": 3, "channels": 0, "frequency": 360, "q": 2.3, "gain": 2.4, "color": -929617}, {"type": 3, "channels": 0, "frequency": 580, "q": 3.0, "gain": -2.0, "color": -9477954}, {"type": 3, "channels": 0, "frequency": 1200, "q": 3.0, "gain": 0.6, "color": -1993443}, {"type": 3, "channels": 0, "frequency": 1500, "q": 5.0, "gain": -1.5, "color": -15694514}, {"type": 3, "channels": 0, "frequency": 2300, "q": 2.4, "gain": -2.3, "color": -13810160}, {"type": 3, "channels": 0, "frequency": 3800, "q": 1.4, "gain": 2.5, "color": -11318028}, {"type": 3, "channels": 0, "frequency": 6300, "q": 5.0, "gain": -2.2, "color": -12470445}, {"type": 3, "channels": 0, "frequency": 9200, "q": 3.7, "gain": -7.8, "color": -9779598}, {"type": 3, "channels": 0, "frequency": 14000, "q": 3.5, "gain": -7.3, "color": -4356804}, {"type": 3, "channels": 0, "frequency": 17000, "q": 0.1, "gain": 2.5, "color": -477305}]}]