[{"name": "Moondrop Blessing2dusk (R) [5128 DF (Tilt -1dBOct)]", "preamp": 0.0, "parametric": true, "bands": [{"type": 0, "channels": 0, "frequency": 90, "q": 0, "gain": 0.0, "color": 0}, {"type": 1, "channels": 0, "frequency": 10000, "q": 0, "gain": 0.0, "color": 0}, {"type": 3, "channels": 0, "frequency": 28, "q": 0.4, "gain": -4.1, "color": -1777218}, {"type": 3, "channels": 0, "frequency": 130, "q": 3.1, "gain": 1.2, "color": -16597953}, {"type": 3, "channels": 0, "frequency": 410, "q": 1.2, "gain": 3.1, "color": -16475454}, {"type": 3, "channels": 0, "frequency": 1500, "q": 1.1, "gain": -2.3, "color": -13907721}, {"type": 3, "channels": 0, "frequency": 2800, "q": 5.0, "gain": 0.6, "color": -5475028}, {"type": 3, "channels": 0, "frequency": 3600, "q": 1.1, "gain": 1.3, "color": -11736785}, {"type": 3, "channels": 0, "frequency": 5800, "q": 5.0, "gain": -1.2, "color": -14791820}, {"type": 3, "channels": 0, "frequency": 6000, "q": 5.0, "gain": -3.9, "color": -601532}, {"type": 3, "channels": 0, "frequency": 6200, "q": 4.4, "gain": 1.3, "color": -13190506}, {"type": 3, "channels": 0, "frequency": 7300, "q": 4.8, "gain": -2.5, "color": -1990746}, {"type": 3, "channels": 0, "frequency": 10000, "q": 2.0, "gain": 3.3, "color": -1820106}, {"type": 3, "channels": 0, "frequency": 13000, "q": 4.8, "gain": -2.9, "color": -796706}, {"type": 3, "channels": 0, "frequency": 15000, "q": 4.0, "gain": 1.2, "color": -3709627}]}]