[{"name": "Moondrop Blessing2dusk (AVG) [5128 DF (Tilt -1dBOct)]", "preamp": 0.0, "parametric": true, "bands": [{"type": 0, "channels": 0, "frequency": 90, "q": 0, "gain": 0.0, "color": 0}, {"type": 1, "channels": 0, "frequency": 10000, "q": 0, "gain": 0.0, "color": 0}, {"type": 3, "channels": 0, "frequency": 23, "q": 0.3, "gain": -4.4, "color": -10587626}, {"type": 3, "channels": 0, "frequency": 130, "q": 2.5, "gain": 1.4, "color": -14722461}, {"type": 3, "channels": 0, "frequency": 400, "q": 1.2, "gain": 3.0, "color": -12117075}, {"type": 3, "channels": 0, "frequency": 800, "q": 5.0, "gain": 0.7, "color": -12745057}, {"type": 3, "channels": 0, "frequency": 1300, "q": 1.1, "gain": -2.1, "color": -4872949}, {"type": 3, "channels": 0, "frequency": 2800, "q": 4.6, "gain": 1.3, "color": -10711976}, {"type": 3, "channels": 0, "frequency": 4200, "q": 1.2, "gain": 1.2, "color": -13398394}, {"type": 3, "channels": 0, "frequency": 5900, "q": 5.0, "gain": -3.7, "color": -5888393}, {"type": 3, "channels": 0, "frequency": 7400, "q": 5.0, "gain": -2.4, "color": -13526677}, {"type": 3, "channels": 0, "frequency": 8400, "q": 5.0, "gain": 2.1, "color": -5700538}, {"type": 3, "channels": 0, "frequency": 11000, "q": 5.0, "gain": 2.5, "color": -12147612}, {"type": 3, "channels": 0, "frequency": 13000, "q": 4.5, "gain": -1.8, "color": -5303249}, {"type": 3, "channels": 0, "frequency": 15000, "q": 3.5, "gain": 1.7, "color": -474823}]}]