[{"name": "Moondrop Lan (AVG) [5128 DF (Tilt -1dBOct)]", "preamp": 0.0, "parametric": true, "bands": [{"type": 0, "channels": 0, "frequency": 90, "q": 0, "gain": 0.0, "color": 0}, {"type": 1, "channels": 0, "frequency": 10000, "q": 0, "gain": 0.0, "color": 0}, {"type": 3, "channels": 0, "frequency": 22, "q": 0.5, "gain": -3.5, "color": -11822275}, {"type": 3, "channels": 0, "frequency": 100, "q": 3.0, "gain": 1.7, "color": -13119107}, {"type": 3, "channels": 0, "frequency": 130, "q": 5.0, "gain": -1.3, "color": -6151455}, {"type": 3, "channels": 0, "frequency": 390, "q": 5.0, "gain": 0.3, "color": -15609708}, {"type": 3, "channels": 0, "frequency": 420, "q": 0.9, "gain": 3.0, "color": -1633758}, {"type": 3, "channels": 0, "frequency": 780, "q": 4.6, "gain": 0.7, "color": -3038514}, {"type": 3, "channels": 0, "frequency": 1700, "q": 1.2, "gain": -2.9, "color": -4140975}, {"type": 3, "channels": 0, "frequency": 3100, "q": 3.4, "gain": 2.2, "color": -6782142}, {"type": 3, "channels": 0, "frequency": 4800, "q": 3.3, "gain": -2.7, "color": -2898384}, {"type": 3, "channels": 0, "frequency": 9600, "q": 3.8, "gain": 7.1, "color": -8716572}, {"type": 3, "channels": 0, "frequency": 11000, "q": 4.0, "gain": -3.5, "color": -4134206}, {"type": 3, "channels": 0, "frequency": 12000, "q": 5.0, "gain": -7.1, "color": -13341264}, {"type": 3, "channels": 0, "frequency": 19000, "q": 1.2, "gain": 7.4, "color": -2534378}]}]