[{"name": "Moondrop Chu (AVG) [5128 DF (Tilt -1dBOct)]", "preamp": 0.0, "parametric": true, "bands": [{"type": 0, "channels": 0, "frequency": 90, "q": 0, "gain": 0.0, "color": 0}, {"type": 1, "channels": 0, "frequency": 10000, "q": 0, "gain": 0.0, "color": 0}, {"type": 3, "channels": 0, "frequency": 42, "q": 0.1, "gain": -2.1, "color": -7658098}, {"type": 3, "channels": 0, "frequency": 86, "q": 1.4, "gain": 2.1, "color": -9961282}, {"type": 3, "channels": 0, "frequency": 98, "q": 5.0, "gain": 1.5, "color": -4574759}, {"type": 3, "channels": 0, "frequency": 120, "q": 4.7, "gain": -1.3, "color": -11980296}, {"type": 3, "channels": 0, "frequency": 310, "q": 0.5, "gain": 3.0, "color": -1963973}, {"type": 3, "channels": 0, "frequency": 360, "q": 2.3, "gain": 1.6, "color": -8029093}, {"type": 3, "channels": 0, "frequency": 1500, "q": 1.6, "gain": -2.0, "color": -3611157}, {"type": 3, "channels": 0, "frequency": 2900, "q": 3.5, "gain": 1.8, "color": -1421631}, {"type": 3, "channels": 0, "frequency": 4800, "q": 3.9, "gain": -1.0, "color": -719059}, {"type": 3, "channels": 0, "frequency": 6300, "q": 2.4, "gain": -3.9, "color": -11785849}, {"type": 3, "channels": 0, "frequency": 7200, "q": 5.0, "gain": -1.3, "color": -5486688}, {"type": 3, "channels": 0, "frequency": 10000, "q": 3.3, "gain": 5.9, "color": -5761529}]}]