[{"name": "Moondrop Chu2 (AVG) [5128 DF (Tilt -1dBOct)]", "preamp": 0.0, "parametric": true, "bands": [{"type": 0, "channels": 0, "frequency": 90, "q": 0, "gain": 0.0, "color": 0}, {"type": 1, "channels": 0, "frequency": 10000, "q": 0, "gain": 0.0, "color": 0}, {"type": 3, "channels": 0, "frequency": 22, "q": 0.3, "gain": -7.0, "color": -15187078}, {"type": 3, "channels": 0, "frequency": 120, "q": 4.8, "gain": 0.9, "color": -12466143}, {"type": 3, "channels": 0, "frequency": 170, "q": 2.1, "gain": -1.4, "color": -9049221}, {"type": 3, "channels": 0, "frequency": 370, "q": 2.9, "gain": 1.0, "color": -13052577}, {"type": 3, "channels": 0, "frequency": 500, "q": 0.9, "gain": 2.0, "color": -6157937}, {"type": 3, "channels": 0, "frequency": 750, "q": 3.8, "gain": 0.7, "color": -13839451}, {"type": 3, "channels": 0, "frequency": 1400, "q": 3.6, "gain": -1.0, "color": -9872803}, {"type": 3, "channels": 0, "frequency": 1900, "q": 2.1, "gain": -1.3, "color": -15181043}, {"type": 3, "channels": 0, "frequency": 2900, "q": 5.0, "gain": 0.7, "color": -1445785}, {"type": 3, "channels": 0, "frequency": 4100, "q": 2.1, "gain": -1.5, "color": -1881956}, {"type": 3, "channels": 0, "frequency": 5700, "q": 5.0, "gain": 0.9, "color": -14603209}, {"type": 3, "channels": 0, "frequency": 10000, "q": 4.5, "gain": 3.6, "color": -8236493}, {"type": 3, "channels": 0, "frequency": 12000, "q": 5.0, "gain": -4.3, "color": -4775811}, {"type": 3, "channels": 0, "frequency": 12000, "q": 3.6, "gain": -7.4, "color": -8388493}]}]