[{"name": "Moondrop x Crinacle DUSK (Analog) (AVG) [5128 DF (Tilt -1dBOct)]", "preamp": 0.0, "parametric": true, "bands": [{"type": 0, "channels": 0, "frequency": 90, "q": 0, "gain": 0.0, "color": 0}, {"type": 1, "channels": 0, "frequency": 10000, "q": 0, "gain": 0.0, "color": 0}, {"type": 3, "channels": 0, "frequency": 21, "q": 0.4, "gain": -6.5, "color": -13595621}, {"type": 3, "channels": 0, "frequency": 110, "q": 2.8, "gain": 1.1, "color": -11445688}, {"type": 3, "channels": 0, "frequency": 350, "q": 0.7, "gain": 2.3, "color": -13739726}, {"type": 3, "channels": 0, "frequency": 1400, "q": 1.0, "gain": -2.9, "color": -10889412}, {"type": 3, "channels": 0, "frequency": 3200, "q": 2.0, "gain": 2.6, "color": -12739412}, {"type": 3, "channels": 0, "frequency": 6100, "q": 2.9, "gain": -0.8, "color": -11423410}, {"type": 3, "channels": 0, "frequency": 8400, "q": 3.8, "gain": 4.6, "color": -11995360}, {"type": 3, "channels": 0, "frequency": 12000, "q": 2.0, "gain": 0.3, "color": -14374209}, {"type": 3, "channels": 0, "frequency": 14000, "q": 2.6, "gain": -9.7, "color": -11863159}]}]