[{"name": "Moondrop AriaSnow (AVG) [5128 DF (Tilt -1dBOct)]", "preamp": 0.0, "parametric": true, "bands": [{"type": 0, "channels": 0, "frequency": 90, "q": 0, "gain": 0.0, "color": 0}, {"type": 1, "channels": 0, "frequency": 10000, "q": 0, "gain": 0.0, "color": 0}, {"type": 3, "channels": 0, "frequency": 40, "q": 0.6, "gain": -3.1, "color": -4951203}, {"type": 3, "channels": 0, "frequency": 93, "q": 5.0, "gain": 1.1, "color": -16557482}, {"type": 3, "channels": 0, "frequency": 150, "q": 1.0, "gain": -1.2, "color": -12954083}, {"type": 3, "channels": 0, "frequency": 380, "q": 4.8, "gain": 0.7, "color": -15024435}, {"type": 3, "channels": 0, "frequency": 430, "q": 0.9, "gain": 2.7, "color": -12196318}, {"type": 3, "channels": 0, "frequency": 480, "q": 4.0, "gain": -0.4, "color": -4015291}, {"type": 3, "channels": 0, "frequency": 770, "q": 3.6, "gain": 0.7, "color": -13942654}, {"type": 3, "channels": 0, "frequency": 1600, "q": 1.4, "gain": -2.8, "color": -10359718}, {"type": 3, "channels": 0, "frequency": 2900, "q": 3.8, "gain": 2.2, "color": -6274666}, {"type": 3, "channels": 0, "frequency": 4400, "q": 4.2, "gain": -2.5, "color": -8776277}, {"type": 3, "channels": 0, "frequency": 8600, "q": 5.0, "gain": 3.5, "color": -11898100}, {"type": 3, "channels": 0, "frequency": 10000, "q": 4.9, "gain": 6.0, "color": -13215246}, {"type": 3, "channels": 0, "frequency": 12000, "q": 4.8, "gain": -7.7, "color": -13612461}]}]