[{"name": "Moondrop Aria (AVG) [5128 DF (Tilt -1dBOct)]", "preamp": 0.0, "parametric": true, "bands": [{"type": 0, "channels": 0, "frequency": 90, "q": 0, "gain": 0.0, "color": 0}, {"type": 1, "channels": 0, "frequency": 10000, "q": 0, "gain": 0.0, "color": 0}, {"type": 3, "channels": 0, "frequency": 28, "q": 0.4, "gain": -4.8, "color": -7542446}, {"type": 3, "channels": 0, "frequency": 74, "q": 3.1, "gain": 1.3, "color": -15261793}, {"type": 3, "channels": 0, "frequency": 110, "q": 2.2, "gain": -1.7, "color": -7125316}, {"type": 3, "channels": 0, "frequency": 190, "q": 3.4, "gain": -0.6, "color": -15401659}, {"type": 3, "channels": 0, "frequency": 380, "q": 1.5, "gain": 2.7, "color": -4288267}, {"type": 3, "channels": 0, "frequency": 730, "q": 2.9, "gain": 1.1, "color": -3860586}, {"type": 3, "channels": 0, "frequency": 1700, "q": 1.5, "gain": -3.1, "color": -3971824}, {"type": 3, "channels": 0, "frequency": 3000, "q": 3.3, "gain": 2.8, "color": -8755630}, {"type": 3, "channels": 0, "frequency": 3700, "q": 4.4, "gain": 0.4, "color": -12963010}, {"type": 3, "channels": 0, "frequency": 4500, "q": 4.5, "gain": -1.6, "color": -16035127}, {"type": 3, "channels": 0, "frequency": 8500, "q": 5.0, "gain": 3.0, "color": -13055172}, {"type": 3, "channels": 0, "frequency": 10000, "q": 5.0, "gain": 3.9, "color": -14124013}]}]