[{"name": "Moondrop Stellaris (AVG) [5128 DF (Tilt -1dBOct)]", "preamp": 0.0, "parametric": true, "bands": [{"type": 0, "channels": 0, "frequency": 90, "q": 0, "gain": 0.0, "color": 0}, {"type": 1, "channels": 0, "frequency": 10000, "q": 0, "gain": 0.0, "color": 0}, {"type": 3, "channels": 0, "frequency": 25, "q": 0.5, "gain": -3.2, "color": -11803344}, {"type": 3, "channels": 0, "frequency": 90, "q": 3.6, "gain": 1.0, "color": -11901481}, {"type": 3, "channels": 0, "frequency": 130, "q": 3.2, "gain": -1.2, "color": -2885220}, {"type": 3, "channels": 0, "frequency": 480, "q": 0.6, "gain": 3.4, "color": -12010195}, {"type": 3, "channels": 0, "frequency": 1700, "q": 1.0, "gain": -3.8, "color": -5721482}, {"type": 3, "channels": 0, "frequency": 2100, "q": 3.6, "gain": -3.6, "color": -8455975}, {"type": 3, "channels": 0, "frequency": 2400, "q": 5.0, "gain": -1.1, "color": -3639414}, {"type": 3, "channels": 0, "frequency": 2800, "q": 5.0, "gain": 1.1, "color": -13408070}, {"type": 3, "channels": 0, "frequency": 3300, "q": 1.9, "gain": 5.1, "color": -9753619}, {"type": 3, "channels": 0, "frequency": 4300, "q": 4.6, "gain": 1.7, "color": -465520}, {"type": 3, "channels": 0, "frequency": 5000, "q": 5.0, "gain": -3.2, "color": -13723188}, {"type": 3, "channels": 0, "frequency": 8600, "q": 5.0, "gain": 5.1, "color": -14739389}, {"type": 3, "channels": 0, "frequency": 14000, "q": 1.5, "gain": -10.9, "color": -15545886}]}]