[{"name": "Moondrop Blessing3 (AVG) [5128 DF (Tilt -1dBOct)]", "preamp": 0.0, "parametric": true, "bands": [{"type": 0, "channels": 0, "frequency": 90, "q": 0, "gain": 0.0, "color": 0}, {"type": 1, "channels": 0, "frequency": 10000, "q": 0, "gain": 0.0, "color": 0}, {"type": 3, "channels": 0, "frequency": 29, "q": 0.5, "gain": -6.5, "color": -6215810}, {"type": 3, "channels": 0, "frequency": 160, "q": 2.1, "gain": 1.3, "color": -10406171}, {"type": 3, "channels": 0, "frequency": 210, "q": 4.7, "gain": -0.8, "color": -2232027}, {"type": 3, "channels": 0, "frequency": 400, "q": 2.1, "gain": 1.5, "color": -9920615}, {"type": 3, "channels": 0, "frequency": 610, "q": 4.9, "gain": -0.7, "color": -15516689}, {"type": 3, "channels": 0, "frequency": 1700, "q": 1.2, "gain": -1.3, "color": -15051223}, {"type": 3, "channels": 0, "frequency": 3000, "q": 2.6, "gain": 2.3, "color": -13426239}, {"type": 3, "channels": 0, "frequency": 8400, "q": 5.0, "gain": 4.3, "color": -14149723}, {"type": 3, "channels": 0, "frequency": 14000, "q": 2.3, "gain": -4.7, "color": -8186727}, {"type": 3, "channels": 0, "frequency": 20000, "q": 0.7, "gain": -7.0, "color": -5683172}]}]