[{"name": "Moondrop Quarks (AVG) [5128 DF (Tilt -1dBOct)]", "preamp": 0.0, "parametric": true, "bands": [{"type": 0, "channels": 0, "frequency": 90, "q": 0, "gain": 0.0, "color": 0}, {"type": 1, "channels": 0, "frequency": 10000, "q": 0, "gain": 0.0, "color": 0}, {"type": 3, "channels": 0, "frequency": 20, "q": 1.3, "gain": 1.8, "color": -2125071}, {"type": 3, "channels": 0, "frequency": 98, "q": 1.0, "gain": -0.9, "color": -16519599}, {"type": 3, "channels": 0, "frequency": 250, "q": 3.8, "gain": 2.2, "color": -9259033}, {"type": 3, "channels": 0, "frequency": 310, "q": 5.0, "gain": -1.7, "color": -2213101}, {"type": 3, "channels": 0, "frequency": 420, "q": 3.7, "gain": 1.5, "color": -1327493}, {"type": 3, "channels": 0, "frequency": 700, "q": 1.0, "gain": 2.2, "color": -14827058}, {"type": 3, "channels": 0, "frequency": 1500, "q": 4.1, "gain": -0.8, "color": -11821525}, {"type": 3, "channels": 0, "frequency": 2800, "q": 2.6, "gain": -3.4, "color": -11372271}, {"type": 3, "channels": 0, "frequency": 3900, "q": 3.7, "gain": 0.8, "color": -16140642}, {"type": 3, "channels": 0, "frequency": 5100, "q": 4.2, "gain": -0.8, "color": -9565644}, {"type": 3, "channels": 0, "frequency": 6100, "q": 3.7, "gain": -2.5, "color": -14864415}, {"type": 3, "channels": 0, "frequency": 6800, "q": 4.6, "gain": -1.0, "color": -56489}, {"type": 3, "channels": 0, "frequency": 10000, "q": 2.1, "gain": 3.6, "color": -7050142}, {"type": 3, "channels": 0, "frequency": 18000, "q": 2.0, "gain": 7.5, "color": -575013}]}]