[{"name": "Moondrop Blessing2dusk (L) [5128 DF (Tilt -1dBOct)]", "preamp": 0.0, "parametric": true, "bands": [{"type": 0, "channels": 0, "frequency": 90, "q": 0, "gain": 0.0, "color": 0}, {"type": 1, "channels": 0, "frequency": 10000, "q": 0, "gain": 0.0, "color": 0}, {"type": 3, "channels": 0, "frequency": 22, "q": 0.3, "gain": -4.9, "color": -13815233}, {"type": 3, "channels": 0, "frequency": 130, "q": 3.7, "gain": 1.5, "color": -11529620}, {"type": 3, "channels": 0, "frequency": 380, "q": 1.3, "gain": 2.8, "color": -1701250}, {"type": 3, "channels": 0, "frequency": 1200, "q": 1.7, "gain": -1.6, "color": -8093127}, {"type": 3, "channels": 0, "frequency": 1400, "q": 4.9, "gain": -0.8, "color": -9135827}, {"type": 3, "channels": 0, "frequency": 1900, "q": 2.6, "gain": -0.8, "color": -16694758}, {"type": 3, "channels": 0, "frequency": 2900, "q": 2.1, "gain": 1.7, "color": -5225144}, {"type": 3, "channels": 0, "frequency": 4600, "q": 4.0, "gain": 0.8, "color": -254855}, {"type": 3, "channels": 0, "frequency": 5900, "q": 5.0, "gain": -3.3, "color": -8452443}, {"type": 3, "channels": 0, "frequency": 6400, "q": 3.4, "gain": 0.6, "color": -16593533}, {"type": 3, "channels": 0, "frequency": 7300, "q": 5.0, "gain": -2.0, "color": -15283645}, {"type": 3, "channels": 0, "frequency": 11000, "q": 5.0, "gain": 1.8, "color": -4513113}, {"type": 3, "channels": 0, "frequency": 15000, "q": 3.7, "gain": 2.5, "color": -10160600}, {"type": 3, "channels": 0, "frequency": 20000, "q": 1.6, "gain": -6.8, "color": -15229050}]}]