[{"name": "Moondrop SSP (AVG) [5128 DF (Tilt -1dBOct)]", "preamp": 0.0, "parametric": true, "bands": [{"type": 0, "channels": 0, "frequency": 90, "q": 0, "gain": 0.0, "color": 0}, {"type": 1, "channels": 0, "frequency": 10000, "q": 0, "gain": 0.0, "color": 0}, {"type": 3, "channels": 0, "frequency": 20, "q": 3.2, "gain": 1.3, "color": -12381667}, {"type": 3, "channels": 0, "frequency": 63, "q": 0.7, "gain": -2.3, "color": -14894919}, {"type": 3, "channels": 0, "frequency": 120, "q": 5.0, "gain": 0.7, "color": -221697}, {"type": 3, "channels": 0, "frequency": 200, "q": 2.3, "gain": -1.0, "color": -11756619}, {"type": 3, "channels": 0, "frequency": 380, "q": 3.1, "gain": 1.6, "color": -4662058}, {"type": 3, "channels": 0, "frequency": 540, "q": 3.3, "gain": -1.0, "color": -6390615}, {"type": 3, "channels": 0, "frequency": 610, "q": 0.6, "gain": 4.3, "color": -11898623}, {"type": 3, "channels": 0, "frequency": 1500, "q": 4.6, "gain": -0.8, "color": -16058744}, {"type": 3, "channels": 0, "frequency": 2500, "q": 4.1, "gain": 0.5, "color": -11050956}, {"type": 3, "channels": 0, "frequency": 4000, "q": 1.1, "gain": -3.8, "color": -14665497}, {"type": 3, "channels": 0, "frequency": 6800, "q": 4.8, "gain": -2.5, "color": -3542259}, {"type": 3, "channels": 0, "frequency": 10000, "q": 2.4, "gain": 4.5, "color": -12959641}, {"type": 3, "channels": 0, "frequency": 12000, "q": 3.4, "gain": -4.3, "color": -6679834}]}]