[{"name": "Moondrop Blessing (AVG) [5128 DF (Tilt -1dBOct)]", "preamp": 0.0, "parametric": true, "bands": [{"type": 0, "channels": 0, "frequency": 90, "q": 0, "gain": 0.0, "color": 0}, {"type": 1, "channels": 0, "frequency": 10000, "q": 0, "gain": 0.0, "color": 0}, {"type": 3, "channels": 0, "frequency": 20, "q": 3.7, "gain": 0.7, "color": -6084196}, {"type": 3, "channels": 0, "frequency": 35, "q": 0.2, "gain": 1.4, "color": -7115398}, {"type": 3, "channels": 0, "frequency": 120, "q": 4.1, "gain": 2.3, "color": -9409939}, {"type": 3, "channels": 0, "frequency": 180, "q": 3.6, "gain": -0.9, "color": -24676}, {"type": 3, "channels": 0, "frequency": 410, "q": 1.9, "gain": 2.5, "color": -10601310}, {"type": 3, "channels": 0, "frequency": 760, "q": 3.3, "gain": 1.1, "color": -10501303}, {"type": 3, "channels": 0, "frequency": 1700, "q": 1.0, "gain": -2.1, "color": -7385816}, {"type": 3, "channels": 0, "frequency": 3200, "q": 3.6, "gain": 1.1, "color": -14094136}, {"type": 3, "channels": 0, "frequency": 5600, "q": 3.4, "gain": -2.2, "color": -13708148}, {"type": 3, "channels": 0, "frequency": 7000, "q": 5.0, "gain": -2.9, "color": -11563633}, {"type": 3, "channels": 0, "frequency": 10000, "q": 2.0, "gain": 4.1, "color": -15304779}, {"type": 3, "channels": 0, "frequency": 12000, "q": 4.9, "gain": -4.2, "color": -11605888}, {"type": 3, "channels": 0, "frequency": 16000, "q": 1.0, "gain": 4.4, "color": -16445353}]}]