[{"name": "Moondrop Variations (AVG) [5128 DF (Tilt -1dBOct)]", "preamp": 0.0, "parametric": true, "bands": [{"type": 0, "channels": 0, "frequency": 90, "q": 0, "gain": 0.0, "color": 0}, {"type": 1, "channels": 0, "frequency": 10000, "q": 0, "gain": 0.0, "color": 0}, {"type": 3, "channels": 0, "frequency": 29, "q": 0.3, "gain": -5.9, "color": -5044936}, {"type": 3, "channels": 0, "frequency": 150, "q": 3.4, "gain": 1.2, "color": -15486006}, {"type": 3, "channels": 0, "frequency": 290, "q": 0.5, "gain": 3.9, "color": -13627541}, {"type": 3, "channels": 0, "frequency": 410, "q": 4.2, "gain": 0.5, "color": -8727451}, {"type": 3, "channels": 0, "frequency": 990, "q": 5.0, "gain": -0.5, "color": -11789905}, {"type": 3, "channels": 0, "frequency": 1500, "q": 1.1, "gain": -2.9, "color": -5721042}, {"type": 3, "channels": 0, "frequency": 7900, "q": 0.8, "gain": 0.6, "color": -11224067}, {"type": 3, "channels": 0, "frequency": 11000, "q": 2.9, "gain": -1.3, "color": -12825426}, {"type": 3, "channels": 0, "frequency": 15000, "q": 1.4, "gain": -4.1, "color": -2444971}]}]