[{"name": "Moondrop x Crinacle DUSK (DSP Default) (AVG) [5128 DF (Tilt -1dBOct)]", "preamp": 0.0, "parametric": true, "bands": [{"type": 0, "channels": 0, "frequency": 90, "q": 0, "gain": 0.0, "color": 0}, {"type": 1, "channels": 0, "frequency": 10000, "q": 0, "gain": 0.0, "color": 0}, {"type": 3, "channels": 0, "frequency": 20, "q": 5.0, "gain": -0.6, "color": -11002375}, {"type": 3, "channels": 0, "frequency": 24, "q": 0.4, "gain": -7.9, "color": -7848273}, {"type": 3, "channels": 0, "frequency": 110, "q": 4.0, "gain": 0.5, "color": -16509850}, {"type": 3, "channels": 0, "frequency": 370, "q": 2.2, "gain": 1.4, "color": -1883020}, {"type": 3, "channels": 0, "frequency": 1200, "q": 1.3, "gain": -0.9, "color": -10067596}, {"type": 3, "channels": 0, "frequency": 2000, "q": 2.3, "gain": -0.8, "color": -1935712}, {"type": 3, "channels": 0, "frequency": 2900, "q": 5.0, "gain": 0.7, "color": -2071143}, {"type": 3, "channels": 0, "frequency": 3200, "q": 1.9, "gain": 1.2, "color": -7288225}, {"type": 3, "channels": 0, "frequency": 3800, "q": 2.8, "gain": 0.2, "color": -16259809}, {"type": 3, "channels": 0, "frequency": 5200, "q": 2.9, "gain": 1.4, "color": -880176}, {"type": 3, "channels": 0, "frequency": 7800, "q": 3.9, "gain": -0.9, "color": -2035370}, {"type": 3, "channels": 0, "frequency": 8300, "q": 4.5, "gain": 4.8, "color": -15344925}, {"type": 3, "channels": 0, "frequency": 18000, "q": 0.7, "gain": -8.0, "color": -6972475}]}]