[{"name": "Neumann NDH30 (AVG) [5128 DF (Tilt -1dBOct)]", "preamp": 0.0, "parametric": true, "bands": [{"type": 0, "channels": 0, "frequency": 90, "q": 0, "gain": 0.0, "color": 0}, {"type": 1, "channels": 0, "frequency": 10000, "q": 0, "gain": 0.0, "color": 0}, {"type": 3, "channels": 0, "frequency": 20, "q": 1.0, "gain": 4.7, "color": -2570355}, {"type": 3, "channels": 0, "frequency": 20, "q": 5.0, "gain": 0.4, "color": -30524}, {"type": 3, "channels": 0, "frequency": 68, "q": 5.0, "gain": 1.8, "color": -1807389}, {"type": 3, "channels": 0, "frequency": 240, "q": 0.6, "gain": 1.3, "color": -6624595}, {"type": 3, "channels": 0, "frequency": 410, "q": 4.6, "gain": 0.6, "color": -15964007}, {"type": 3, "channels": 0, "frequency": 1000, "q": 3.0, "gain": -1.6, "color": -15228023}, {"type": 3, "channels": 0, "frequency": 1400, "q": 4.9, "gain": -0.6, "color": -12576983}, {"type": 3, "channels": 0, "frequency": 2700, "q": 2.9, "gain": 3.4, "color": -2060068}, {"type": 3, "channels": 0, "frequency": 3800, "q": 4.1, "gain": -2.5, "color": -9797311}, {"type": 3, "channels": 0, "frequency": 7200, "q": 5.0, "gain": -1.5, "color": -2406610}, {"type": 3, "channels": 0, "frequency": 9200, "q": 5.0, "gain": -4.4, "color": -10308032}]}]