[{"name": "Nightjar Singularity (Coreir Tips) (AVG) [5128 DF (Tilt -1dBOct)]", "preamp": 0.0, "parametric": true, "bands": [{"type": 0, "channels": 0, "frequency": 90, "q": 0, "gain": 0.0, "color": 0}, {"type": 1, "channels": 0, "frequency": 10000, "q": 0, "gain": 0.0, "color": 0}, {"type": 3, "channels": 0, "frequency": 20, "q": 0.2, "gain": -9.4, "color": -13516382}, {"type": 3, "channels": 0, "frequency": 22, "q": 2.5, "gain": -0.7, "color": -13315059}, {"type": 3, "channels": 0, "frequency": 190, "q": 3.5, "gain": -1.1, "color": -7137462}, {"type": 3, "channels": 0, "frequency": 530, "q": 5.0, "gain": -0.7, "color": -6442215}, {"type": 3, "channels": 0, "frequency": 540, "q": 1.3, "gain": 3.2, "color": -4342672}, {"type": 3, "channels": 0, "frequency": 740, "q": 4.3, "gain": 0.7, "color": -13670759}, {"type": 3, "channels": 0, "frequency": 1700, "q": 1.1, "gain": -2.6, "color": -3081409}, {"type": 3, "channels": 0, "frequency": 3000, "q": 3.8, "gain": 1.9, "color": -4893414}, {"type": 3, "channels": 0, "frequency": 4500, "q": 3.8, "gain": -1.5, "color": -3909141}, {"type": 3, "channels": 0, "frequency": 6400, "q": 1.5, "gain": 3.0, "color": -6981765}, {"type": 3, "channels": 0, "frequency": 10000, "q": 5.0, "gain": 3.3, "color": -898026}, {"type": 3, "channels": 0, "frequency": 12000, "q": 5.0, "gain": -8.6, "color": -15861997}, {"type": 3, "channels": 0, "frequency": 16000, "q": 5.0, "gain": -2.6, "color": -8999696}, {"type": 3, "channels": 0, "frequency": 19000, "q": 1.8, "gain": 11.4, "color": -14347971}]}]