[{"name": "Razer Moray (AVG) [5128 DF (Tilt -1dBOct)]", "preamp": 0.0, "parametric": true, "bands": [{"type": 0, "channels": 0, "frequency": 90, "q": 0, "gain": 0.0, "color": 0}, {"type": 1, "channels": 0, "frequency": 10000, "q": 0, "gain": 0.0, "color": 0}, {"type": 3, "channels": 0, "frequency": 20, "q": 5.0, "gain": 0.6, "color": -16026520}, {"type": 3, "channels": 0, "frequency": 62, "q": 0.5, "gain": -1.8, "color": -10310230}, {"type": 3, "channels": 0, "frequency": 190, "q": 5.0, "gain": 0.8, "color": -2624908}, {"type": 3, "channels": 0, "frequency": 540, "q": 0.7, "gain": 3.4, "color": -7148194}, {"type": 3, "channels": 0, "frequency": 1700, "q": 1.4, "gain": -5.4, "color": -16688599}, {"type": 3, "channels": 0, "frequency": 2800, "q": 4.7, "gain": 2.5, "color": -9738698}, {"type": 3, "channels": 0, "frequency": 4400, "q": 3.0, "gain": 5.2, "color": -12072946}, {"type": 3, "channels": 0, "frequency": 5100, "q": 3.1, "gain": 1.6, "color": -10409126}, {"type": 3, "channels": 0, "frequency": 5600, "q": 1.3, "gain": -3.4, "color": -16027932}, {"type": 3, "channels": 0, "frequency": 6500, "q": 3.1, "gain": -4.7, "color": -127087}, {"type": 3, "channels": 0, "frequency": 9000, "q": 1.8, "gain": -2.9, "color": -13608301}, {"type": 3, "channels": 0, "frequency": 19000, "q": 0.3, "gain": 13.3, "color": -13576996}]}]