[{"name": "Salnotes Zero (AVG) [5128 DF (Tilt -1dBOct)]", "preamp": 0.0, "parametric": true, "bands": [{"type": 0, "channels": 0, "frequency": 90, "q": 0, "gain": 0.0, "color": 0}, {"type": 1, "channels": 0, "frequency": 10000, "q": 0, "gain": 0.0, "color": 0}, {"type": 3, "channels": 0, "frequency": 27, "q": 0.6, "gain": -2.9, "color": -10300808}, {"type": 3, "channels": 0, "frequency": 110, "q": 3.1, "gain": 1.7, "color": -6143357}, {"type": 3, "channels": 0, "frequency": 150, "q": 3.3, "gain": -0.9, "color": -11437138}, {"type": 3, "channels": 0, "frequency": 390, "q": 1.2, "gain": 2.6, "color": -16394854}, {"type": 3, "channels": 0, "frequency": 1500, "q": 1.6, "gain": -2.2, "color": -9634445}, {"type": 3, "channels": 0, "frequency": 2000, "q": 4.9, "gain": -0.5, "color": -14102232}, {"type": 3, "channels": 0, "frequency": 2900, "q": 3.7, "gain": 2.0, "color": -10457947}, {"type": 3, "channels": 0, "frequency": 4100, "q": 4.6, "gain": -1.1, "color": -6469104}, {"type": 3, "channels": 0, "frequency": 5500, "q": 4.9, "gain": 0.9, "color": -6690259}, {"type": 3, "channels": 0, "frequency": 7000, "q": 3.8, "gain": -2.0, "color": -9138384}, {"type": 3, "channels": 0, "frequency": 8600, "q": 3.6, "gain": 5.1, "color": -9576697}, {"type": 3, "channels": 0, "frequency": 9800, "q": 5.0, "gain": 3.4, "color": -11438419}, {"type": 3, "channels": 0, "frequency": 12000, "q": 3.5, "gain": -11.8, "color": -8080642}, {"type": 3, "channels": 0, "frequency": 19000, "q": 1.8, "gain": 8.3, "color": -14153750}]}]