[{"name": "Salnotes Zero (R) [5128 DF (Tilt -1dBOct)]", "preamp": 0.0, "parametric": true, "bands": [{"type": 0, "channels": 0, "frequency": 90, "q": 0, "gain": 0.0, "color": 0}, {"type": 1, "channels": 0, "frequency": 10000, "q": 0, "gain": 0.0, "color": 0}, {"type": 3, "channels": 0, "frequency": 22, "q": 1.8, "gain": 0.8, "color": -12177483}, {"type": 3, "channels": 0, "frequency": 66, "q": 2.6, "gain": -0.8, "color": -3889917}, {"type": 3, "channels": 0, "frequency": 100, "q": 4.6, "gain": 1.5, "color": -2822043}, {"type": 3, "channels": 0, "frequency": 140, "q": 3.1, "gain": -1.2, "color": -5322767}, {"type": 3, "channels": 0, "frequency": 380, "q": 1.3, "gain": 2.5, "color": -10210730}, {"type": 3, "channels": 0, "frequency": 770, "q": 4.5, "gain": 0.9, "color": -10780227}, {"type": 3, "channels": 0, "frequency": 1500, "q": 1.4, "gain": -2.2, "color": -7139487}, {"type": 3, "channels": 0, "frequency": 2900, "q": 4.0, "gain": 2.2, "color": -13359198}, {"type": 3, "channels": 0, "frequency": 4200, "q": 5.0, "gain": -0.9, "color": -2286623}, {"type": 3, "channels": 0, "frequency": 6900, "q": 4.1, "gain": -3.1, "color": -2987840}, {"type": 3, "channels": 0, "frequency": 9000, "q": 2.4, "gain": 6.8, "color": -15586555}, {"type": 3, "channels": 0, "frequency": 12000, "q": 5.0, "gain": -10.4, "color": -112069}, {"type": 3, "channels": 0, "frequency": 13000, "q": 1.4, "gain": -3.6, "color": -6940202}, {"type": 3, "channels": 0, "frequency": 19000, "q": 1.8, "gain": 8.1, "color": -1881351}]}]