[{"name": "Salnotes Zero (L) [5128 DF (Tilt -1dBOct)]", "preamp": 0.0, "parametric": true, "bands": [{"type": 0, "channels": 0, "frequency": 90, "q": 0, "gain": 0.0, "color": 0}, {"type": 1, "channels": 0, "frequency": 10000, "q": 0, "gain": 0.0, "color": 0}, {"type": 3, "channels": 0, "frequency": 22, "q": 3.4, "gain": 0.6, "color": -10149891}, {"type": 3, "channels": 0, "frequency": 65, "q": 1.7, "gain": -1.0, "color": -1543577}, {"type": 3, "channels": 0, "frequency": 120, "q": 4.2, "gain": 1.4, "color": -1283024}, {"type": 3, "channels": 0, "frequency": 160, "q": 5.0, "gain": -0.9, "color": -11313088}, {"type": 3, "channels": 0, "frequency": 390, "q": 1.2, "gain": 2.6, "color": -12420633}, {"type": 3, "channels": 0, "frequency": 1500, "q": 1.6, "gain": -2.2, "color": -7233136}, {"type": 3, "channels": 0, "frequency": 2000, "q": 4.9, "gain": -0.5, "color": -5371451}, {"type": 3, "channels": 0, "frequency": 2900, "q": 3.8, "gain": 2.0, "color": -11380776}, {"type": 3, "channels": 0, "frequency": 4000, "q": 4.2, "gain": -1.1, "color": -919903}, {"type": 3, "channels": 0, "frequency": 8600, "q": 4.7, "gain": 4.1, "color": -14938457}, {"type": 3, "channels": 0, "frequency": 9700, "q": 4.9, "gain": 4.5, "color": -3353362}, {"type": 3, "channels": 0, "frequency": 12000, "q": 3.0, "gain": -11.2, "color": -8190184}, {"type": 3, "channels": 0, "frequency": 19000, "q": 1.7, "gain": 9.2, "color": -11737770}]}]