[{"name": "Samsung GalaxyBuds2Pro (AVG) [5128 DF (Tilt -1dBOct)]", "preamp": 0.0, "parametric": true, "bands": [{"type": 0, "channels": 0, "frequency": 90, "q": 0, "gain": 0.0, "color": 0}, {"type": 1, "channels": 0, "frequency": 10000, "q": 0, "gain": 0.0, "color": 0}, {"type": 3, "channels": 0, "frequency": 28, "q": 0.3, "gain": -9.0, "color": -13915372}, {"type": 3, "channels": 0, "frequency": 360, "q": 2.4, "gain": -1.0, "color": -12378862}, {"type": 3, "channels": 0, "frequency": 560, "q": 4.3, "gain": 1.0, "color": -14979158}, {"type": 3, "channels": 0, "frequency": 740, "q": 1.9, "gain": 2.3, "color": -4854867}, {"type": 3, "channels": 0, "frequency": 860, "q": 5.0, "gain": 0.7, "color": -708464}, {"type": 3, "channels": 0, "frequency": 1300, "q": 2.3, "gain": -1.1, "color": -3139395}, {"type": 3, "channels": 0, "frequency": 2000, "q": 5.0, "gain": 0.7, "color": -6325561}, {"type": 3, "channels": 0, "frequency": 3500, "q": 3.0, "gain": -0.5, "color": -3684312}, {"type": 3, "channels": 0, "frequency": 5400, "q": 1.8, "gain": -1.2, "color": -14289723}, {"type": 3, "channels": 0, "frequency": 7000, "q": 4.6, "gain": -1.5, "color": -14590180}, {"type": 3, "channels": 0, "frequency": 8100, "q": 2.5, "gain": 7.1, "color": -3785579}, {"type": 3, "channels": 0, "frequency": 13000, "q": 2.5, "gain": -8.6, "color": -9497146}]}]