[{"name": "See Audio x Crinacle Yume Midnight (AVG) [5128 DF (Tilt -1dBOct)]", "preamp": 0.0, "parametric": true, "bands": [{"type": 0, "channels": 0, "frequency": 90, "q": 0, "gain": 0.0, "color": 0}, {"type": 1, "channels": 0, "frequency": 10000, "q": 0, "gain": 0.0, "color": 0}, {"type": 3, "channels": 0, "frequency": 20, "q": 0.3, "gain": -6.2, "color": -10700702}, {"type": 3, "channels": 0, "frequency": 21, "q": 3.5, "gain": -0.6, "color": -10363165}, {"type": 3, "channels": 0, "frequency": 180, "q": 0.5, "gain": 1.7, "color": -14619044}, {"type": 3, "channels": 0, "frequency": 210, "q": 3.4, "gain": -1.4, "color": -11179014}, {"type": 3, "channels": 0, "frequency": 360, "q": 4.0, "gain": 1.7, "color": -2396126}, {"type": 3, "channels": 0, "frequency": 750, "q": 5.0, "gain": 0.7, "color": -5550465}, {"type": 3, "channels": 0, "frequency": 1000, "q": 5.0, "gain": -0.6, "color": -10870831}, {"type": 3, "channels": 0, "frequency": 1400, "q": 2.4, "gain": -1.9, "color": -11636348}, {"type": 3, "channels": 0, "frequency": 2000, "q": 3.3, "gain": -1.1, "color": -1632012}, {"type": 3, "channels": 0, "frequency": 3100, "q": 2.0, "gain": 2.5, "color": -69759}, {"type": 3, "channels": 0, "frequency": 6500, "q": 4.1, "gain": -5.0, "color": -1607314}, {"type": 3, "channels": 0, "frequency": 8300, "q": 4.9, "gain": 4.6, "color": -3547647}, {"type": 3, "channels": 0, "frequency": 9400, "q": 5.0, "gain": -5.5, "color": -6562534}]}]