[{"name": "Sennheiser Accentum Wireless (Resolve) (AVG) [5128 DF (Tilt -1dBOct)]", "preamp": 0.0, "parametric": true, "bands": [{"type": 0, "channels": 0, "frequency": 90, "q": 0, "gain": 0.0, "color": 0}, {"type": 1, "channels": 0, "frequency": 10000, "q": 0, "gain": 0.0, "color": 0}, {"type": 3, "channels": 0, "frequency": 22, "q": 3.4, "gain": 0.5, "color": -3389578}, {"type": 3, "channels": 0, "frequency": 28, "q": 3.6, "gain": -1.0, "color": -15561248}, {"type": 3, "channels": 0, "frequency": 39, "q": 0.7, "gain": -9.8, "color": -527472}, {"type": 3, "channels": 0, "frequency": 39, "q": 3.8, "gain": 1.2, "color": -1374790}, {"type": 3, "channels": 0, "frequency": 81, "q": 2.3, "gain": -1.2, "color": -11809133}, {"type": 3, "channels": 0, "frequency": 190, "q": 1.4, "gain": 1.6, "color": -6840587}, {"type": 3, "channels": 0, "frequency": 390, "q": 5.0, "gain": 0.7, "color": -13882452}, {"type": 3, "channels": 0, "frequency": 560, "q": 2.9, "gain": -1.3, "color": -482421}, {"type": 3, "channels": 0, "frequency": 960, "q": 1.8, "gain": -2.5, "color": -5399560}, {"type": 3, "channels": 0, "frequency": 2900, "q": 0.7, "gain": 3.5, "color": -16155178}, {"type": 3, "channels": 0, "frequency": 3900, "q": 3.0, "gain": 7.6, "color": -15366421}, {"type": 3, "channels": 0, "frequency": 18000, "q": 0.2, "gain": -7.2, "color": -8350638}]}]