[{"name": "Sennheiser HD 660S2 (AVG) [5128 DF (Tilt -1dBOct)]", "preamp": 0.0, "parametric": true, "bands": [{"type": 0, "channels": 0, "frequency": 90, "q": 0, "gain": 0.0, "color": 0}, {"type": 1, "channels": 0, "frequency": 10000, "q": 0, "gain": 0.0, "color": 0}, {"type": 3, "channels": 0, "frequency": 20, "q": 0.7, "gain": 6.8, "color": -3184283}, {"type": 3, "channels": 0, "frequency": 20, "q": 5.0, "gain": 1.3, "color": -3032290}, {"type": 3, "channels": 0, "frequency": 71, "q": 3.8, "gain": 0.9, "color": -22742}, {"type": 3, "channels": 0, "frequency": 190, "q": 0.6, "gain": -1.3, "color": -428634}, {"type": 3, "channels": 0, "frequency": 1400, "q": 2.2, "gain": -1.7, "color": -12968140}, {"type": 3, "channels": 0, "frequency": 2800, "q": 1.8, "gain": 3.3, "color": -4041635}, {"type": 3, "channels": 0, "frequency": 3900, "q": 2.0, "gain": -2.2, "color": -15710218}, {"type": 3, "channels": 0, "frequency": 4500, "q": 3.2, "gain": 7.8, "color": -9907132}, {"type": 3, "channels": 0, "frequency": 5900, "q": 4.6, "gain": -2.2, "color": -8067795}, {"type": 3, "channels": 0, "frequency": 9200, "q": 4.9, "gain": -2.0, "color": -58598}, {"type": 3, "channels": 0, "frequency": 11000, "q": 4.7, "gain": 1.2, "color": -164595}, {"type": 3, "channels": 0, "frequency": 14000, "q": 0.6, "gain": -3.8, "color": -882163}, {"type": 3, "channels": 0, "frequency": 19000, "q": 4.3, "gain": 9.3, "color": -5163177}]}]