[{"name": "Sennheiser HE-1 (AVG) [5128 DF (Tilt -1dBOct)]", "preamp": 0.0, "parametric": true, "bands": [{"type": 0, "channels": 0, "frequency": 90, "q": 0, "gain": 0.0, "color": 0}, {"type": 1, "channels": 0, "frequency": 10000, "q": 0, "gain": 0.0, "color": 0}, {"type": 3, "channels": 0, "frequency": 21, "q": 2.6, "gain": 2.4, "color": -959156}, {"type": 3, "channels": 0, "frequency": 32, "q": 5.0, "gain": -1.0, "color": -5247446}, {"type": 3, "channels": 0, "frequency": 35, "q": 5.0, "gain": 1.0, "color": -9230059}, {"type": 3, "channels": 0, "frequency": 46, "q": 3.5, "gain": -2.0, "color": -4292932}, {"type": 3, "channels": 0, "frequency": 56, "q": 0.8, "gain": -2.2, "color": -7098882}, {"type": 3, "channels": 0, "frequency": 430, "q": 1.3, "gain": -0.8, "color": -9376074}, {"type": 3, "channels": 0, "frequency": 990, "q": 4.1, "gain": -2.5, "color": -1059281}, {"type": 3, "channels": 0, "frequency": 1700, "q": 1.5, "gain": 3.3, "color": -2946111}, {"type": 3, "channels": 0, "frequency": 2900, "q": 2.0, "gain": 1.0, "color": -1129828}, {"type": 3, "channels": 0, "frequency": 4300, "q": 3.9, "gain": 3.0, "color": -15716527}, {"type": 3, "channels": 0, "frequency": 4900, "q": 3.3, "gain": 2.0, "color": -10924322}, {"type": 3, "channels": 0, "frequency": 8500, "q": 1.0, "gain": -4.9, "color": -16229944}]}]