[{"name": "Sennheiser IE 200 (AVG) [5128 DF (Tilt -1dBOct)]", "preamp": 0.0, "parametric": true, "bands": [{"type": 0, "channels": 0, "frequency": 90, "q": 0, "gain": 0.0, "color": 0}, {"type": 1, "channels": 0, "frequency": 10000, "q": 0, "gain": 0.0, "color": 0}, {"type": 3, "channels": 0, "frequency": 21, "q": 0.3, "gain": -5.4, "color": -11057262}, {"type": 3, "channels": 0, "frequency": 200, "q": 1.9, "gain": 1.2, "color": -194190}, {"type": 3, "channels": 0, "frequency": 420, "q": 5.0, "gain": 0.7, "color": -14651425}, {"type": 3, "channels": 0, "frequency": 470, "q": 0.8, "gain": 2.1, "color": -12938289}, {"type": 3, "channels": 0, "frequency": 1600, "q": 1.1, "gain": -3.7, "color": -3678033}, {"type": 3, "channels": 0, "frequency": 3300, "q": 1.6, "gain": 4.6, "color": -6391299}, {"type": 3, "channels": 0, "frequency": 4500, "q": 4.6, "gain": 1.2, "color": -4150656}, {"type": 3, "channels": 0, "frequency": 5300, "q": 4.2, "gain": 1.1, "color": -8370536}, {"type": 3, "channels": 0, "frequency": 6600, "q": 3.4, "gain": -4.1, "color": -16160861}, {"type": 3, "channels": 0, "frequency": 9500, "q": 5.0, "gain": -4.1, "color": -12967763}, {"type": 3, "channels": 0, "frequency": 10000, "q": 2.8, "gain": 4.0, "color": -13832564}, {"type": 3, "channels": 0, "frequency": 14000, "q": 1.3, "gain": -10.2, "color": -2752162}, {"type": 3, "channels": 0, "frequency": 16000, "q": 4.6, "gain": -4.2, "color": -14037862}, {"type": 3, "channels": 0, "frequency": 19000, "q": 2.6, "gain": 4.5, "color": -3960910}]}]