[{"name": "Sennheiser HD 540 Reference II (AVG) [5128 DF (Tilt -1dBOct)]", "preamp": 0.0, "parametric": true, "bands": [{"type": 0, "channels": 0, "frequency": 90, "q": 0, "gain": 0.0, "color": 0}, {"type": 1, "channels": 0, "frequency": 10000, "q": 0, "gain": 0.0, "color": 0}, {"type": 3, "channels": 0, "frequency": 20, "q": 0.6, "gain": 9.0, "color": -11780155}, {"type": 3, "channels": 0, "frequency": 21, "q": 4.9, "gain": 1.2, "color": -11405004}, {"type": 3, "channels": 0, "frequency": 63, "q": 3.9, "gain": 1.2, "color": -14662152}, {"type": 3, "channels": 0, "frequency": 100, "q": 2.5, "gain": -0.5, "color": -7034046}, {"type": 3, "channels": 0, "frequency": 230, "q": 0.4, "gain": -1.8, "color": -13166549}, {"type": 3, "channels": 0, "frequency": 2500, "q": 0.6, "gain": 3.1, "color": -402458}, {"type": 3, "channels": 0, "frequency": 4600, "q": 5.0, "gain": 3.7, "color": -12549024}, {"type": 3, "channels": 0, "frequency": 5600, "q": 5.0, "gain": 4.0, "color": -10689572}, {"type": 3, "channels": 0, "frequency": 6400, "q": 5.0, "gain": -6.2, "color": -14776767}, {"type": 3, "channels": 0, "frequency": 8300, "q": 5.0, "gain": -7.3, "color": -15349143}, {"type": 3, "channels": 0, "frequency": 10000, "q": 1.9, "gain": 4.8, "color": -15477560}, {"type": 3, "channels": 0, "frequency": 11000, "q": 0.9, "gain": -3.4, "color": -15242862}, {"type": 3, "channels": 0, "frequency": 13000, "q": 5.0, "gain": -11.9, "color": -5069208}]}]