[{"name": "Sennheiser HD800S (AVG) [5128 DF (Tilt -1dBOct)]", "preamp": 0.0, "parametric": true, "bands": [{"type": 0, "channels": 0, "frequency": 90, "q": 0, "gain": 0.0, "color": 0}, {"type": 1, "channels": 0, "frequency": 10000, "q": 0, "gain": 0.0, "color": 0}, {"type": 3, "channels": 0, "frequency": 20, "q": 0.6, "gain": 5.7, "color": -13004411}, {"type": 3, "channels": 0, "frequency": 49, "q": 3.2, "gain": 1.7, "color": -9200669}, {"type": 3, "channels": 0, "frequency": 260, "q": 0.5, "gain": -1.0, "color": -1285780}, {"type": 3, "channels": 0, "frequency": 970, "q": 4.8, "gain": -1.5, "color": -3268702}, {"type": 3, "channels": 0, "frequency": 1400, "q": 1.4, "gain": 1.6, "color": -10639076}, {"type": 3, "channels": 0, "frequency": 3000, "q": 1.9, "gain": 5.0, "color": -11310466}, {"type": 3, "channels": 0, "frequency": 4000, "q": 4.5, "gain": -2.4, "color": -7505090}, {"type": 3, "channels": 0, "frequency": 4600, "q": 4.1, "gain": 2.1, "color": -16010689}, {"type": 3, "channels": 0, "frequency": 7700, "q": 1.0, "gain": -4.2, "color": -3786570}, {"type": 3, "channels": 0, "frequency": 14000, "q": 4.8, "gain": -6.7, "color": -8852765}, {"type": 3, "channels": 0, "frequency": 18000, "q": 2.1, "gain": 6.3, "color": -12725993}]}]