[{"name": "Sennheiser HD 560S (AVG) [5128 DF (Tilt -1dBOct)]", "preamp": 0.0, "parametric": true, "bands": [{"type": 0, "channels": 0, "frequency": 90, "q": 0, "gain": 0.0, "color": 0}, {"type": 1, "channels": 0, "frequency": 10000, "q": 0, "gain": 0.0, "color": 0}, {"type": 3, "channels": 0, "frequency": 20, "q": 1.2, "gain": 5.8, "color": -39544}, {"type": 3, "channels": 0, "frequency": 26, "q": 0.1, "gain": 2.4, "color": -7656686}, {"type": 3, "channels": 0, "frequency": 37, "q": 3.0, "gain": 0.1, "color": -2899447}, {"type": 3, "channels": 0, "frequency": 90, "q": 0.7, "gain": -0.9, "color": -6632291}, {"type": 3, "channels": 0, "frequency": 420, "q": 0.9, "gain": 0.7, "color": -15542693}, {"type": 3, "channels": 0, "frequency": 760, "q": 4.8, "gain": 0.7, "color": -13872939}, {"type": 3, "channels": 0, "frequency": 1000, "q": 4.9, "gain": -0.8, "color": -4921252}, {"type": 3, "channels": 0, "frequency": 1400, "q": 2.3, "gain": -1.0, "color": -10702693}, {"type": 3, "channels": 0, "frequency": 3200, "q": 2.6, "gain": 2.3, "color": -11389723}, {"type": 3, "channels": 0, "frequency": 4300, "q": 5.0, "gain": -2.5, "color": -15020437}, {"type": 3, "channels": 0, "frequency": 5200, "q": 1.2, "gain": -1.3, "color": -7663560}, {"type": 3, "channels": 0, "frequency": 7700, "q": 5.0, "gain": 1.9, "color": -9225090}, {"type": 3, "channels": 0, "frequency": 9500, "q": 3.1, "gain": -5.9, "color": -5496303}, {"type": 3, "channels": 0, "frequency": 16000, "q": 1.4, "gain": 7.0, "color": -5041782}]}]