[{"name": "Sennheiser HD 580 Precision (AVG) [5128 DF (Tilt -1dBOct)]", "preamp": 0.0, "parametric": true, "bands": [{"type": 0, "channels": 0, "frequency": 90, "q": 0, "gain": 0.0, "color": 0}, {"type": 1, "channels": 0, "frequency": 10000, "q": 0, "gain": 0.0, "color": 0}, {"type": 3, "channels": 0, "frequency": 22, "q": 0.9, "gain": 10.7, "color": -3366640}, {"type": 3, "channels": 0, "frequency": 59, "q": 5.0, "gain": 0.7, "color": -8245548}, {"type": 3, "channels": 0, "frequency": 110, "q": 1.1, "gain": -1.1, "color": -12107333}, {"type": 3, "channels": 0, "frequency": 570, "q": 1.1, "gain": 1.6, "color": -13748039}, {"type": 3, "channels": 0, "frequency": 760, "q": 4.3, "gain": 0.6, "color": -8865577}, {"type": 3, "channels": 0, "frequency": 2800, "q": 5.0, "gain": 1.0, "color": -4905920}, {"type": 3, "channels": 0, "frequency": 3500, "q": 5.0, "gain": -2.1, "color": -4159877}, {"type": 3, "channels": 0, "frequency": 4800, "q": 5.0, "gain": -1.1, "color": -12060070}, {"type": 3, "channels": 0, "frequency": 5400, "q": 5.0, "gain": 4.1, "color": -11704755}, {"type": 3, "channels": 0, "frequency": 6100, "q": 4.9, "gain": -1.6, "color": -5209429}, {"type": 3, "channels": 0, "frequency": 9500, "q": 5.0, "gain": 3.1, "color": -7334006}, {"type": 3, "channels": 0, "frequency": 12000, "q": 5.0, "gain": 4.2, "color": -14944320}, {"type": 3, "channels": 0, "frequency": 13000, "q": 0.5, "gain": -3.9, "color": -7651625}, {"type": 3, "channels": 0, "frequency": 15000, "q": 1.3, "gain": -5.0, "color": -5790141}]}]