[{"name": "Sennheiser HD 800S (AVG) [5128 DF (Tilt -1dBOct)]", "preamp": 0.0, "parametric": true, "bands": [{"type": 0, "channels": 0, "frequency": 90, "q": 0, "gain": 0.0, "color": 0}, {"type": 1, "channels": 0, "frequency": 10000, "q": 0, "gain": 0.0, "color": 0}, {"type": 3, "channels": 0, "frequency": 20, "q": 0.6, "gain": 7.3, "color": -10468904}, {"type": 3, "channels": 0, "frequency": 30, "q": 2.5, "gain": -0.6, "color": -2329419}, {"type": 3, "channels": 0, "frequency": 51, "q": 2.8, "gain": 1.3, "color": -13673465}, {"type": 3, "channels": 0, "frequency": 230, "q": 0.5, "gain": -1.0, "color": -11644117}, {"type": 3, "channels": 0, "frequency": 730, "q": 4.8, "gain": 0.4, "color": -11631834}, {"type": 3, "channels": 0, "frequency": 1500, "q": 3.0, "gain": 1.2, "color": -12332956}, {"type": 3, "channels": 0, "frequency": 2600, "q": 1.2, "gain": 2.8, "color": -12456061}, {"type": 3, "channels": 0, "frequency": 3300, "q": 3.3, "gain": 2.1, "color": -14748020}, {"type": 3, "channels": 0, "frequency": 6300, "q": 4.9, "gain": -3.2, "color": -15585260}, {"type": 3, "channels": 0, "frequency": 9700, "q": 0.6, "gain": -3.6, "color": -12924817}, {"type": 3, "channels": 0, "frequency": 18000, "q": 2.1, "gain": 4.9, "color": -7851440}]}]