[{"name": "Sennheiser HD 650 (AVG) [5128 DF (Tilt -1dBOct)]", "preamp": 0.0, "parametric": true, "bands": [{"type": 0, "channels": 0, "frequency": 90, "q": 0, "gain": 0.0, "color": 0}, {"type": 1, "channels": 0, "frequency": 10000, "q": 0, "gain": 0.0, "color": 0}, {"type": 3, "channels": 0, "frequency": 20, "q": 0.7, "gain": 10.2, "color": -9964165}, {"type": 3, "channels": 0, "frequency": 59, "q": 2.0, "gain": 0.6, "color": -2609168}, {"type": 3, "channels": 0, "frequency": 150, "q": 0.7, "gain": -1.2, "color": -15421580}, {"type": 3, "channels": 0, "frequency": 490, "q": 2.4, "gain": 0.3, "color": -10298339}, {"type": 3, "channels": 0, "frequency": 680, "q": 2.9, "gain": 0.6, "color": -3622683}, {"type": 3, "channels": 0, "frequency": 1400, "q": 4.6, "gain": -0.9, "color": -12781999}, {"type": 3, "channels": 0, "frequency": 2700, "q": 3.2, "gain": 1.3, "color": -10243712}, {"type": 3, "channels": 0, "frequency": 3600, "q": 4.4, "gain": -1.5, "color": -16501360}, {"type": 3, "channels": 0, "frequency": 4600, "q": 3.7, "gain": 1.3, "color": -9391339}, {"type": 3, "channels": 0, "frequency": 6000, "q": 3.0, "gain": 1.0, "color": -9365525}, {"type": 3, "channels": 0, "frequency": 9200, "q": 4.4, "gain": -3.6, "color": -6763512}, {"type": 3, "channels": 0, "frequency": 10000, "q": 5.0, "gain": 2.7, "color": -16183782}, {"type": 3, "channels": 0, "frequency": 15000, "q": 1.6, "gain": -5.6, "color": -9777369}, {"type": 3, "channels": 0, "frequency": 19000, "q": 4.8, "gain": 3.8, "color": -12853037}]}]