[{"name": "Sennheiser IE300 (AVG) [5128 DF (Tilt -1dBOct)]", "preamp": 0.0, "parametric": true, "bands": [{"type": 0, "channels": 0, "frequency": 90, "q": 0, "gain": 0.0, "color": 0}, {"type": 1, "channels": 0, "frequency": 10000, "q": 0, "gain": 0.0, "color": 0}, {"type": 3, "channels": 0, "frequency": 21, "q": 4.5, "gain": 0.4, "color": -6182284}, {"type": 3, "channels": 0, "frequency": 25, "q": 0.2, "gain": -7.7, "color": -13739316}, {"type": 3, "channels": 0, "frequency": 360, "q": 4.5, "gain": 0.7, "color": -9085543}, {"type": 3, "channels": 0, "frequency": 390, "q": 5.0, "gain": 1.0, "color": -7173897}, {"type": 3, "channels": 0, "frequency": 1000, "q": 3.5, "gain": -1.6, "color": -12946882}, {"type": 3, "channels": 0, "frequency": 1100, "q": 0.8, "gain": 1.8, "color": -1052693}, {"type": 3, "channels": 0, "frequency": 1400, "q": 2.0, "gain": -3.1, "color": -8812109}, {"type": 3, "channels": 0, "frequency": 3100, "q": 1.8, "gain": 7.7, "color": -13242623}, {"type": 3, "channels": 0, "frequency": 4200, "q": 2.8, "gain": 2.6, "color": -14030218}, {"type": 3, "channels": 0, "frequency": 11000, "q": 5.0, "gain": 8.2, "color": -1531255}, {"type": 3, "channels": 0, "frequency": 12000, "q": 0.7, "gain": -10.0, "color": -2892691}]}]