[{"name": "Sennheiser HD 600 (AVG) [5128 DF (Tilt -1dBOct)]", "preamp": 0.0, "parametric": true, "bands": [{"type": 0, "channels": 0, "frequency": 90, "q": 0, "gain": 0.0, "color": 0}, {"type": 1, "channels": 0, "frequency": 10000, "q": 0, "gain": 0.0, "color": 0}, {"type": 3, "channels": 0, "frequency": 20, "q": 5.0, "gain": 1.6, "color": -16025062}, {"type": 3, "channels": 0, "frequency": 20, "q": 0.6, "gain": 10.6, "color": -1467163}, {"type": 3, "channels": 0, "frequency": 130, "q": 1.1, "gain": -1.1, "color": -15064060}, {"type": 3, "channels": 0, "frequency": 590, "q": 1.5, "gain": 0.7, "color": -13634897}, {"type": 3, "channels": 0, "frequency": 770, "q": 4.3, "gain": 0.4, "color": -16639204}, {"type": 3, "channels": 0, "frequency": 1400, "q": 3.7, "gain": -1.0, "color": -8403229}, {"type": 3, "channels": 0, "frequency": 2700, "q": 3.7, "gain": 1.1, "color": -14550419}, {"type": 3, "channels": 0, "frequency": 3600, "q": 4.9, "gain": -1.5, "color": -3413567}, {"type": 3, "channels": 0, "frequency": 4400, "q": 4.3, "gain": 2.6, "color": -4484129}, {"type": 3, "channels": 0, "frequency": 8400, "q": 2.7, "gain": -4.0, "color": -5099536}, {"type": 3, "channels": 0, "frequency": 11000, "q": 4.1, "gain": 2.1, "color": -2166022}, {"type": 3, "channels": 0, "frequency": 15000, "q": 1.8, "gain": -5.3, "color": -3192873}, {"type": 3, "channels": 0, "frequency": 19000, "q": 3.6, "gain": 5.9, "color": -13580624}]}]