[{"name": "Simgot EA1000 (Red Filter) (AVG) [5128 DF (Tilt -1dBOct)]", "preamp": 0.0, "parametric": true, "bands": [{"type": 0, "channels": 0, "frequency": 90, "q": 0, "gain": 0.0, "color": 0}, {"type": 1, "channels": 0, "frequency": 10000, "q": 0, "gain": 0.0, "color": 0}, {"type": 3, "channels": 0, "frequency": 36, "q": 0.3, "gain": -4.4, "color": -3167066}, {"type": 3, "channels": 0, "frequency": 92, "q": 3.6, "gain": 0.4, "color": -2038551}, {"type": 3, "channels": 0, "frequency": 160, "q": 2.5, "gain": -0.6, "color": -5043654}, {"type": 3, "channels": 0, "frequency": 450, "q": 1.0, "gain": 3.0, "color": -11606180}, {"type": 3, "channels": 0, "frequency": 500, "q": 4.0, "gain": -0.8, "color": -6712317}, {"type": 3, "channels": 0, "frequency": 760, "q": 3.7, "gain": 0.8, "color": -1458398}, {"type": 3, "channels": 0, "frequency": 1800, "q": 1.4, "gain": -2.5, "color": -4248522}, {"type": 3, "channels": 0, "frequency": 2300, "q": 5.0, "gain": -0.8, "color": -6332949}, {"type": 3, "channels": 0, "frequency": 3100, "q": 2.6, "gain": 2.2, "color": -320552}, {"type": 3, "channels": 0, "frequency": 5100, "q": 2.7, "gain": -2.4, "color": -11123903}, {"type": 3, "channels": 0, "frequency": 10000, "q": 4.3, "gain": 5.1, "color": -4669436}, {"type": 3, "channels": 0, "frequency": 13000, "q": 2.7, "gain": -7.3, "color": -8747162}]}]