[{"name": "Simgot EA500LM (Red Filter) (AVG) [5128 DF (Tilt -1dBOct)]", "preamp": 0.0, "parametric": true, "bands": [{"type": 0, "channels": 0, "frequency": 90, "q": 0, "gain": 0.0, "color": 0}, {"type": 1, "channels": 0, "frequency": 10000, "q": 0, "gain": 0.0, "color": 0}, {"type": 3, "channels": 0, "frequency": 25, "q": 0.3, "gain": -5.2, "color": -7067630}, {"type": 3, "channels": 0, "frequency": 94, "q": 2.8, "gain": 1.3, "color": -9137561}, {"type": 3, "channels": 0, "frequency": 130, "q": 2.4, "gain": -1.3, "color": -12701199}, {"type": 3, "channels": 0, "frequency": 440, "q": 1.0, "gain": 3.5, "color": -14286090}, {"type": 3, "channels": 0, "frequency": 500, "q": 3.0, "gain": -0.8, "color": -15646123}, {"type": 3, "channels": 0, "frequency": 780, "q": 3.1, "gain": 1.1, "color": -8773736}, {"type": 3, "channels": 0, "frequency": 1400, "q": 5.0, "gain": -0.5, "color": -5883640}, {"type": 3, "channels": 0, "frequency": 1900, "q": 1.5, "gain": -1.8, "color": -1887516}, {"type": 3, "channels": 0, "frequency": 3100, "q": 3.3, "gain": 1.7, "color": -1598341}, {"type": 3, "channels": 0, "frequency": 4900, "q": 4.9, "gain": -1.8, "color": -16363950}, {"type": 3, "channels": 0, "frequency": 6600, "q": 1.2, "gain": -2.5, "color": -7046669}, {"type": 3, "channels": 0, "frequency": 10000, "q": 4.1, "gain": 4.0, "color": -1281151}, {"type": 3, "channels": 0, "frequency": 13000, "q": 3.0, "gain": -5.6, "color": -1438525}]}]