[{"name": "Simgot EA1000 (White Filter) (AVG) [5128 DF (Tilt -1dBOct)]", "preamp": 0.0, "parametric": true, "bands": [{"type": 0, "channels": 0, "frequency": 90, "q": 0, "gain": 0.0, "color": 0}, {"type": 1, "channels": 0, "frequency": 10000, "q": 0, "gain": 0.0, "color": 0}, {"type": 3, "channels": 0, "frequency": 44, "q": 0.3, "gain": -2.9, "color": -10659456}, {"type": 3, "channels": 0, "frequency": 95, "q": 3.3, "gain": 1.2, "color": -16222784}, {"type": 3, "channels": 0, "frequency": 120, "q": 3.1, "gain": -0.9, "color": -10459262}, {"type": 3, "channels": 0, "frequency": 380, "q": 5.0, "gain": 0.6, "color": -13446133}, {"type": 3, "channels": 0, "frequency": 480, "q": 0.8, "gain": 3.3, "color": -9415768}, {"type": 3, "channels": 0, "frequency": 1700, "q": 1.4, "gain": -4.0, "color": -2633426}, {"type": 3, "channels": 0, "frequency": 2200, "q": 4.1, "gain": -2.9, "color": -6993132}, {"type": 3, "channels": 0, "frequency": 3100, "q": 3.0, "gain": 4.0, "color": -522154}, {"type": 3, "channels": 0, "frequency": 4700, "q": 4.5, "gain": -2.6, "color": -11664144}, {"type": 3, "channels": 0, "frequency": 5900, "q": 4.3, "gain": 1.2, "color": -664514}, {"type": 3, "channels": 0, "frequency": 9500, "q": 5.0, "gain": -2.7, "color": -7653572}, {"type": 3, "channels": 0, "frequency": 10000, "q": 1.8, "gain": 3.0, "color": -12032335}, {"type": 3, "channels": 0, "frequency": 10000, "q": 3.1, "gain": 3.9, "color": -6979306}, {"type": 3, "channels": 0, "frequency": 12000, "q": 5.0, "gain": -8.5, "color": -3117803}]}]