[{"name": "Simgot EM6L (AVG) [5128 DF (Tilt -1dBOct)]", "preamp": 0.0, "parametric": true, "bands": [{"type": 0, "channels": 0, "frequency": 90, "q": 0, "gain": 0.0, "color": 0}, {"type": 1, "channels": 0, "frequency": 10000, "q": 0, "gain": 0.0, "color": 0}, {"type": 3, "channels": 0, "frequency": 25, "q": 0.5, "gain": -4.5, "color": -217174}, {"type": 3, "channels": 0, "frequency": 130, "q": 3.8, "gain": 1.5, "color": -6692652}, {"type": 3, "channels": 0, "frequency": 180, "q": 4.8, "gain": -1.4, "color": -2041683}, {"type": 3, "channels": 0, "frequency": 400, "q": 2.8, "gain": 1.6, "color": -982571}, {"type": 3, "channels": 0, "frequency": 480, "q": 0.8, "gain": 1.5, "color": -12172362}, {"type": 3, "channels": 0, "frequency": 510, "q": 4.7, "gain": -0.6, "color": -11164740}, {"type": 3, "channels": 0, "frequency": 780, "q": 4.4, "gain": 0.7, "color": -862951}, {"type": 3, "channels": 0, "frequency": 1400, "q": 5.0, "gain": -0.8, "color": -5635361}, {"type": 3, "channels": 0, "frequency": 2800, "q": 3.2, "gain": 1.6, "color": -3877357}, {"type": 3, "channels": 0, "frequency": 3900, "q": 4.6, "gain": -0.9, "color": -4722147}, {"type": 3, "channels": 0, "frequency": 6500, "q": 5.0, "gain": -1.5, "color": -1264887}, {"type": 3, "channels": 0, "frequency": 7800, "q": 0.4, "gain": -2.0, "color": -11643775}, {"type": 3, "channels": 0, "frequency": 8300, "q": 3.5, "gain": 3.2, "color": -9355991}, {"type": 3, "channels": 0, "frequency": 13000, "q": 2.6, "gain": -6.1, "color": -15723281}]}]