[{"name": "Simgot EA1000 (Black Filter) (AVG) [5128 DF (Tilt -1dBOct)]", "preamp": 0.0, "parametric": true, "bands": [{"type": 0, "channels": 0, "frequency": 90, "q": 0, "gain": 0.0, "color": 0}, {"type": 1, "channels": 0, "frequency": 10000, "q": 0, "gain": 0.0, "color": 0}, {"type": 3, "channels": 0, "frequency": 39, "q": 0.4, "gain": -3.8, "color": -12684964}, {"type": 3, "channels": 0, "frequency": 89, "q": 3.0, "gain": 0.6, "color": -15579556}, {"type": 3, "channels": 0, "frequency": 180, "q": 1.8, "gain": -0.9, "color": -3738625}, {"type": 3, "channels": 0, "frequency": 370, "q": 3.8, "gain": 0.9, "color": -15847416}, {"type": 3, "channels": 0, "frequency": 480, "q": 0.7, "gain": 2.9, "color": -16694479}, {"type": 3, "channels": 0, "frequency": 1700, "q": 4.9, "gain": 1.0, "color": -5086234}, {"type": 3, "channels": 0, "frequency": 1800, "q": 1.3, "gain": -3.3, "color": -3764464}, {"type": 3, "channels": 0, "frequency": 2300, "q": 4.2, "gain": -1.3, "color": -10389078}, {"type": 3, "channels": 0, "frequency": 2900, "q": 5.0, "gain": 0.9, "color": -508021}, {"type": 3, "channels": 0, "frequency": 3400, "q": 2.7, "gain": 2.3, "color": -9426849}, {"type": 3, "channels": 0, "frequency": 5000, "q": 2.7, "gain": -3.3, "color": -2532287}, {"type": 3, "channels": 0, "frequency": 7400, "q": 4.9, "gain": -1.3, "color": -6646977}, {"type": 3, "channels": 0, "frequency": 10000, "q": 3.5, "gain": 5.4, "color": -3443514}, {"type": 3, "channels": 0, "frequency": 12000, "q": 4.8, "gain": -8.3, "color": -9323871}]}]