[{"name": "Simgot EA500 (Black Filter) (AVG) [5128 DF (Tilt -1dBOct)]", "preamp": 0.0, "parametric": true, "bands": [{"type": 0, "channels": 0, "frequency": 90, "q": 0, "gain": 0.0, "color": 0}, {"type": 1, "channels": 0, "frequency": 10000, "q": 0, "gain": 0.0, "color": 0}, {"type": 3, "channels": 0, "frequency": 64, "q": 0.3, "gain": -3.2, "color": -7776952}, {"type": 3, "channels": 0, "frequency": 96, "q": 3.4, "gain": 1.0, "color": -996805}, {"type": 3, "channels": 0, "frequency": 460, "q": 0.9, "gain": 3.2, "color": -7378141}, {"type": 3, "channels": 0, "frequency": 510, "q": 4.6, "gain": -0.9, "color": -15375446}, {"type": 3, "channels": 0, "frequency": 780, "q": 3.6, "gain": 1.0, "color": -9552681}, {"type": 3, "channels": 0, "frequency": 1400, "q": 5.0, "gain": -0.6, "color": -206362}, {"type": 3, "channels": 0, "frequency": 2000, "q": 1.5, "gain": -3.6, "color": -592941}, {"type": 3, "channels": 0, "frequency": 2900, "q": 5.0, "gain": 0.6, "color": -16374268}, {"type": 3, "channels": 0, "frequency": 3300, "q": 2.5, "gain": 3.0, "color": -6521694}, {"type": 3, "channels": 0, "frequency": 4800, "q": 3.7, "gain": -2.2, "color": -9094967}, {"type": 3, "channels": 0, "frequency": 10000, "q": 4.1, "gain": 5.6, "color": -14064680}, {"type": 3, "channels": 0, "frequency": 12000, "q": 2.0, "gain": -7.2, "color": -7638576}, {"type": 3, "channels": 0, "frequency": 13000, "q": 5.0, "gain": 4.3, "color": -9007775}, {"type": 3, "channels": 0, "frequency": 19000, "q": 5.0, "gain": 5.6, "color": -14222388}]}]