[{"name": "Simgot EA500 (Red Filter) (AVG) [5128 DF (Tilt -1dBOct)]", "preamp": 0.0, "parametric": true, "bands": [{"type": 0, "channels": 0, "frequency": 90, "q": 0, "gain": 0.0, "color": 0}, {"type": 1, "channels": 0, "frequency": 10000, "q": 0, "gain": 0.0, "color": 0}, {"type": 3, "channels": 0, "frequency": 52, "q": 0.3, "gain": -4.1, "color": -8312098}, {"type": 3, "channels": 0, "frequency": 88, "q": 2.9, "gain": 1.3, "color": -9343737}, {"type": 3, "channels": 0, "frequency": 160, "q": 1.4, "gain": -0.5, "color": -13603577}, {"type": 3, "channels": 0, "frequency": 360, "q": 3.4, "gain": 1.5, "color": -1703446}, {"type": 3, "channels": 0, "frequency": 500, "q": 0.7, "gain": 2.0, "color": -3651972}, {"type": 3, "channels": 0, "frequency": 770, "q": 4.0, "gain": 0.9, "color": -4091685}, {"type": 3, "channels": 0, "frequency": 1900, "q": 1.3, "gain": -3.1, "color": -12667916}, {"type": 3, "channels": 0, "frequency": 3200, "q": 2.4, "gain": 3.1, "color": -5055951}, {"type": 3, "channels": 0, "frequency": 5100, "q": 2.1, "gain": -1.7, "color": -256625}, {"type": 3, "channels": 0, "frequency": 7200, "q": 4.9, "gain": -1.3, "color": -5528305}, {"type": 3, "channels": 0, "frequency": 10000, "q": 2.6, "gain": 5.4, "color": -1950366}, {"type": 3, "channels": 0, "frequency": 13000, "q": 2.0, "gain": -8.1, "color": -2937595}]}]