[{"name": "Simgot EW100P (AVG) [5128 DF (Tilt -1dBOct)]", "preamp": 0.0, "parametric": true, "bands": [{"type": 0, "channels": 0, "frequency": 90, "q": 0, "gain": 0.0, "color": 0}, {"type": 1, "channels": 0, "frequency": 10000, "q": 0, "gain": 0.0, "color": 0}, {"type": 3, "channels": 0, "frequency": 34, "q": 0.4, "gain": -4.0, "color": -9721054}, {"type": 3, "channels": 0, "frequency": 140, "q": 2.6, "gain": 1.8, "color": -5780470}, {"type": 3, "channels": 0, "frequency": 390, "q": 2.8, "gain": 2.9, "color": -8961021}, {"type": 3, "channels": 0, "frequency": 740, "q": 1.9, "gain": 1.6, "color": -11909230}, {"type": 3, "channels": 0, "frequency": 1500, "q": 1.7, "gain": -1.6, "color": -3228584}, {"type": 3, "channels": 0, "frequency": 2900, "q": 4.1, "gain": 1.9, "color": -1443546}, {"type": 3, "channels": 0, "frequency": 4800, "q": 5.0, "gain": 0.4, "color": -15643221}, {"type": 3, "channels": 0, "frequency": 4900, "q": 2.1, "gain": -2.7, "color": -10394638}, {"type": 3, "channels": 0, "frequency": 5400, "q": 5.0, "gain": -1.3, "color": -1927963}, {"type": 3, "channels": 0, "frequency": 10000, "q": 2.5, "gain": 8.7, "color": -6200840}, {"type": 3, "channels": 0, "frequency": 13000, "q": 2.1, "gain": -8.6, "color": -13558238}]}]