[{"name": "Simgot EA500LM (Black Filter) (AVG) [5128 DF (Tilt -1dBOct)]", "preamp": 0.0, "parametric": true, "bands": [{"type": 0, "channels": 0, "frequency": 90, "q": 0, "gain": 0.0, "color": 0}, {"type": 1, "channels": 0, "frequency": 10000, "q": 0, "gain": 0.0, "color": 0}, {"type": 3, "channels": 0, "frequency": 31, "q": 0.5, "gain": -3.4, "color": -335747}, {"type": 3, "channels": 0, "frequency": 99, "q": 4.3, "gain": 1.1, "color": -16642845}, {"type": 3, "channels": 0, "frequency": 140, "q": 2.8, "gain": -0.9, "color": -15901245}, {"type": 3, "channels": 0, "frequency": 380, "q": 2.6, "gain": 1.0, "color": -134231}, {"type": 3, "channels": 0, "frequency": 460, "q": 0.8, "gain": 3.9, "color": -9443223}, {"type": 3, "channels": 0, "frequency": 500, "q": 2.9, "gain": -1.2, "color": -8699734}, {"type": 3, "channels": 0, "frequency": 790, "q": 3.7, "gain": 1.0, "color": -14303403}, {"type": 3, "channels": 0, "frequency": 2100, "q": 1.5, "gain": -2.5, "color": -12643739}, {"type": 3, "channels": 0, "frequency": 3400, "q": 3.2, "gain": 1.7, "color": -528871}, {"type": 3, "channels": 0, "frequency": 5200, "q": 2.2, "gain": -4.4, "color": -3187758}, {"type": 3, "channels": 0, "frequency": 7300, "q": 4.3, "gain": -2.4, "color": -5643537}, {"type": 3, "channels": 0, "frequency": 10000, "q": 2.6, "gain": 3.9, "color": -3854934}, {"type": 3, "channels": 0, "frequency": 12000, "q": 3.4, "gain": -6.5, "color": -33507}, {"type": 3, "channels": 0, "frequency": 20000, "q": 2.9, "gain": 12.9, "color": -9516613}]}]