[{"name": "Simgot EW200 (AVG) [5128 DF (Tilt -1dBOct)]", "preamp": 0.0, "parametric": true, "bands": [{"type": 0, "channels": 0, "frequency": 90, "q": 0, "gain": 0.0, "color": 0}, {"type": 1, "channels": 0, "frequency": 10000, "q": 0, "gain": 0.0, "color": 0}, {"type": 3, "channels": 0, "frequency": 25, "q": 0.4, "gain": -5.7, "color": -10141746}, {"type": 3, "channels": 0, "frequency": 93, "q": 3.6, "gain": 1.9, "color": -2617003}, {"type": 3, "channels": 0, "frequency": 130, "q": 1.9, "gain": -2.0, "color": -7668102}, {"type": 3, "channels": 0, "frequency": 380, "q": 5.0, "gain": 0.7, "color": -4953203}, {"type": 3, "channels": 0, "frequency": 430, "q": 0.9, "gain": 2.8, "color": -4683624}, {"type": 3, "channels": 0, "frequency": 780, "q": 3.5, "gain": 1.0, "color": -106154}, {"type": 3, "channels": 0, "frequency": 1700, "q": 1.5, "gain": -2.1, "color": -14544381}, {"type": 3, "channels": 0, "frequency": 3000, "q": 3.8, "gain": 2.0, "color": -16264447}, {"type": 3, "channels": 0, "frequency": 4700, "q": 3.0, "gain": -3.4, "color": -13633236}, {"type": 3, "channels": 0, "frequency": 7200, "q": 5.0, "gain": -1.5, "color": -7267679}, {"type": 3, "channels": 0, "frequency": 10000, "q": 2.8, "gain": 3.2, "color": -3559942}, {"type": 3, "channels": 0, "frequency": 12000, "q": 5.0, "gain": -8.7, "color": -6607564}, {"type": 3, "channels": 0, "frequency": 15000, "q": 4.8, "gain": -6.0, "color": -9415218}, {"type": 3, "channels": 0, "frequency": 19000, "q": 2.5, "gain": 9.2, "color": -13238663}]}]