[{"name": "Sony WF-1000xm5 (AVG) [5128 DF (Tilt -1dBOct)]", "preamp": 0.0, "parametric": true, "bands": [{"type": 0, "channels": 0, "frequency": 90, "q": 0, "gain": 0.0, "color": 0}, {"type": 1, "channels": 0, "frequency": 10000, "q": 0, "gain": 0.0, "color": 0}, {"type": 3, "channels": 0, "frequency": 57, "q": 0.3, "gain": -6.2, "color": -960605}, {"type": 3, "channels": 0, "frequency": 590, "q": 2.2, "gain": 3.1, "color": -15043454}, {"type": 3, "channels": 0, "frequency": 830, "q": 5.0, "gain": 0.6, "color": -9688839}, {"type": 3, "channels": 0, "frequency": 1900, "q": 1.8, "gain": -2.5, "color": -12072989}, {"type": 3, "channels": 0, "frequency": 3100, "q": 2.8, "gain": 2.8, "color": -9172873}, {"type": 3, "channels": 0, "frequency": 5700, "q": 5.0, "gain": 0.7, "color": -14460579}, {"type": 3, "channels": 0, "frequency": 7900, "q": 3.9, "gain": 3.9, "color": -13710957}, {"type": 3, "channels": 0, "frequency": 8500, "q": 5.0, "gain": 1.5, "color": -775338}, {"type": 3, "channels": 0, "frequency": 9400, "q": 5.0, "gain": -2.8, "color": -7373053}, {"type": 3, "channels": 0, "frequency": 13000, "q": 2.8, "gain": -1.0, "color": -6818932}]}]