[{"name": "Sony WF-1000xm4 (AVG) [5128 DF (Tilt -1dBOct)]", "preamp": 0.0, "parametric": true, "bands": [{"type": 0, "channels": 0, "frequency": 90, "q": 0, "gain": 0.0, "color": 0}, {"type": 1, "channels": 0, "frequency": 10000, "q": 0, "gain": 0.0, "color": 0}, {"type": 3, "channels": 0, "frequency": 56, "q": 0.3, "gain": -6.5, "color": -16492102}, {"type": 3, "channels": 0, "frequency": 330, "q": 2.4, "gain": -1.0, "color": -1384119}, {"type": 3, "channels": 0, "frequency": 540, "q": 2.0, "gain": 1.5, "color": -13580889}, {"type": 3, "channels": 0, "frequency": 1000, "q": 4.1, "gain": -1.1, "color": -7859175}, {"type": 3, "channels": 0, "frequency": 1700, "q": 5.0, "gain": 0.9, "color": -13418531}, {"type": 3, "channels": 0, "frequency": 1900, "q": 1.2, "gain": -3.2, "color": -2553290}, {"type": 3, "channels": 0, "frequency": 3100, "q": 4.6, "gain": 1.4, "color": -6146880}, {"type": 3, "channels": 0, "frequency": 4800, "q": 2.2, "gain": -2.5, "color": -9710339}, {"type": 3, "channels": 0, "frequency": 6400, "q": 3.3, "gain": -1.1, "color": -929072}, {"type": 3, "channels": 0, "frequency": 6600, "q": 0.5, "gain": 7.1, "color": -1339673}, {"type": 3, "channels": 0, "frequency": 7900, "q": 3.3, "gain": 3.3, "color": -4655695}, {"type": 3, "channels": 0, "frequency": 13000, "q": 4.0, "gain": -1.5, "color": -13277155}, {"type": 3, "channels": 0, "frequency": 18000, "q": 3.7, "gain": -2.2, "color": -2450914}, {"type": 3, "channels": 0, "frequency": 20000, "q": 3.3, "gain": 3.0, "color": -909142}]}]