[{"name": "Sony WH-1000XM4 (AVG) [5128 DF (Tilt -1dBOct)]", "preamp": 0.0, "parametric": true, "bands": [{"type": 0, "channels": 0, "frequency": 90, "q": 0, "gain": 0.0, "color": 0}, {"type": 1, "channels": 0, "frequency": 10000, "q": 0, "gain": 0.0, "color": 0}, {"type": 3, "channels": 0, "frequency": 22, "q": 2.7, "gain": -0.6, "color": -12882815}, {"type": 3, "channels": 0, "frequency": 27, "q": 0.2, "gain": -3.9, "color": -15664412}, {"type": 3, "channels": 0, "frequency": 51, "q": 2.0, "gain": 0.9, "color": -9633650}, {"type": 3, "channels": 0, "frequency": 100, "q": 2.1, "gain": -0.9, "color": -9702565}, {"type": 3, "channels": 0, "frequency": 410, "q": 0.6, "gain": 4.3, "color": -10563409}, {"type": 3, "channels": 0, "frequency": 510, "q": 3.6, "gain": -1.4, "color": -12152545}, {"type": 3, "channels": 0, "frequency": 940, "q": 3.2, "gain": 2.3, "color": -10275577}, {"type": 3, "channels": 0, "frequency": 2400, "q": 1.7, "gain": 3.3, "color": -5955507}, {"type": 3, "channels": 0, "frequency": 3000, "q": 5.0, "gain": 3.0, "color": -13875250}, {"type": 3, "channels": 0, "frequency": 5600, "q": 2.5, "gain": -4.4, "color": -6783887}, {"type": 3, "channels": 0, "frequency": 12000, "q": 0.9, "gain": -9.9, "color": -6507671}]}]