[{"name": "Sony WH-1000XM3 (AVG) [5128 DF (Tilt -1dBOct)]", "preamp": 0.0, "parametric": true, "bands": [{"type": 0, "channels": 0, "frequency": 90, "q": 0, "gain": 0.0, "color": 0}, {"type": 1, "channels": 0, "frequency": 10000, "q": 0, "gain": 0.0, "color": 0}, {"type": 3, "channels": 0, "frequency": 21, "q": 3.5, "gain": 2.9, "color": -10418043}, {"type": 3, "channels": 0, "frequency": 37, "q": 2.1, "gain": -1.7, "color": -15697701}, {"type": 3, "channels": 0, "frequency": 57, "q": 0.5, "gain": -10.0, "color": -1281141}, {"type": 3, "channels": 0, "frequency": 65, "q": 1.9, "gain": 1.8, "color": -9242163}, {"type": 3, "channels": 0, "frequency": 140, "q": 1.7, "gain": -2.1, "color": -5621401}, {"type": 3, "channels": 0, "frequency": 320, "q": 1.7, "gain": 1.0, "color": -11908694}, {"type": 3, "channels": 0, "frequency": 690, "q": 4.0, "gain": 0.9, "color": -15322744}, {"type": 3, "channels": 0, "frequency": 1000, "q": 4.1, "gain": -2.3, "color": -7076470}, {"type": 3, "channels": 0, "frequency": 1400, "q": 2.2, "gain": 2.0, "color": -13004334}, {"type": 3, "channels": 0, "frequency": 2100, "q": 3.2, "gain": -5.7, "color": -3014465}, {"type": 3, "channels": 0, "frequency": 2900, "q": 5.0, "gain": 3.0, "color": -407795}, {"type": 3, "channels": 0, "frequency": 3600, "q": 0.9, "gain": 3.8, "color": -2082656}, {"type": 3, "channels": 0, "frequency": 5400, "q": 1.8, "gain": 2.4, "color": -6518776}, {"type": 3, "channels": 0, "frequency": 9500, "q": 1.6, "gain": -7.3, "color": -14171356}]}]