[{"name": "Sony WH-1000XM5 [5128 DF (Tilt -1dBOct)]", "preamp": 0.0, "parametric": true, "bands": [{"type": 0, "channels": 0, "frequency": 90, "q": 0, "gain": 0.0, "color": 0}, {"type": 1, "channels": 0, "frequency": 10000, "q": 0, "gain": 0.0, "color": 0}, {"type": 3, "channels": 0, "frequency": 30, "q": 0.1, "gain": -5.7, "color": -13482236}, {"type": 3, "channels": 0, "frequency": 190, "q": 1.4, "gain": -0.8, "color": -356789}, {"type": 3, "channels": 0, "frequency": 350, "q": 2.5, "gain": 1.0, "color": -9534044}, {"type": 3, "channels": 0, "frequency": 580, "q": 0.6, "gain": 2.6, "color": -6157970}, {"type": 3, "channels": 0, "frequency": 1200, "q": 3.4, "gain": 2.6, "color": -14362612}, {"type": 3, "channels": 0, "frequency": 1700, "q": 3.4, "gain": -1.5, "color": -9466223}, {"type": 3, "channels": 0, "frequency": 2400, "q": 3.8, "gain": 3.8, "color": -15406623}, {"type": 3, "channels": 0, "frequency": 3600, "q": 2.9, "gain": -2.7, "color": -4351925}, {"type": 3, "channels": 0, "frequency": 6600, "q": 4.2, "gain": -2.6, "color": -8188919}, {"type": 3, "channels": 0, "frequency": 9500, "q": 5.0, "gain": -4.5, "color": -3218786}]}]