[{"name": "Sony IER-Z1R (AVG) [5128 DF (Tilt -1dBOct)]", "preamp": 0.0, "parametric": true, "bands": [{"type": 0, "channels": 0, "frequency": 90, "q": 0, "gain": 0.0, "color": 0}, {"type": 1, "channels": 0, "frequency": 10000, "q": 0, "gain": 0.0, "color": 0}, {"type": 3, "channels": 0, "frequency": 43, "q": 0.3, "gain": -5.1, "color": -2756410}, {"type": 3, "channels": 0, "frequency": 62, "q": 3.9, "gain": 0.7, "color": -7445159}, {"type": 3, "channels": 0, "frequency": 390, "q": 1.0, "gain": 3.6, "color": -10012991}, {"type": 3, "channels": 0, "frequency": 780, "q": 4.4, "gain": 0.7, "color": -9489101}, {"type": 3, "channels": 0, "frequency": 1600, "q": 0.9, "gain": -2.8, "color": -11901528}, {"type": 3, "channels": 0, "frequency": 2700, "q": 2.3, "gain": 6.9, "color": -11497094}, {"type": 3, "channels": 0, "frequency": 3100, "q": 5.0, "gain": 2.2, "color": -1054370}, {"type": 3, "channels": 0, "frequency": 3800, "q": 3.7, "gain": -3.0, "color": -6946423}, {"type": 3, "channels": 0, "frequency": 5100, "q": 5.0, "gain": 2.5, "color": -4698713}, {"type": 3, "channels": 0, "frequency": 6300, "q": 4.8, "gain": -6.4, "color": -2998165}, {"type": 3, "channels": 0, "frequency": 12000, "q": 4.6, "gain": -13.3, "color": -6577089}, {"type": 3, "channels": 0, "frequency": 20000, "q": 1.8, "gain": 7.9, "color": -12247366}]}]