[{"name": "Sony WF-1000xm3 (AVG) [5128 DF (Tilt -1dBOct)]", "preamp": 0.0, "parametric": true, "bands": [{"type": 0, "channels": 0, "frequency": 90, "q": 0, "gain": 0.0, "color": 0}, {"type": 1, "channels": 0, "frequency": 10000, "q": 0, "gain": 0.0, "color": 0}, {"type": 3, "channels": 0, "frequency": 88, "q": 0.4, "gain": -6.2, "color": -15392203}, {"type": 3, "channels": 0, "frequency": 570, "q": 1.2, "gain": 2.4, "color": -9467487}, {"type": 3, "channels": 0, "frequency": 760, "q": 4.8, "gain": 0.7, "color": -7721072}, {"type": 3, "channels": 0, "frequency": 2500, "q": 2.4, "gain": -0.9, "color": -15514120}, {"type": 3, "channels": 0, "frequency": 3100, "q": 5.0, "gain": 1.4, "color": -3825951}, {"type": 3, "channels": 0, "frequency": 3900, "q": 5.0, "gain": -1.0, "color": -788654}, {"type": 3, "channels": 0, "frequency": 5000, "q": 3.7, "gain": 2.6, "color": -12310896}, {"type": 3, "channels": 0, "frequency": 7500, "q": 4.8, "gain": 2.0, "color": -8995230}, {"type": 3, "channels": 0, "frequency": 8200, "q": 5.0, "gain": 1.3, "color": -7640886}, {"type": 3, "channels": 0, "frequency": 9300, "q": 5.0, "gain": -3.4, "color": -13489137}, {"type": 3, "channels": 0, "frequency": 12000, "q": 3.9, "gain": -3.4, "color": -8916989}]}]