[{"name": "Subtonic Storm (AVG) [5128 DF (Tilt -1dBOct)]", "preamp": 0.0, "parametric": true, "bands": [{"type": 0, "channels": 0, "frequency": 90, "q": 0, "gain": 0.0, "color": 0}, {"type": 1, "channels": 0, "frequency": 10000, "q": 0, "gain": 0.0, "color": 0}, {"type": 3, "channels": 0, "frequency": 29, "q": 0.4, "gain": -5.7, "color": -13901790}, {"type": 3, "channels": 0, "frequency": 280, "q": 1.2, "gain": 0.6, "color": -413044}, {"type": 3, "channels": 0, "frequency": 1000, "q": 4.6, "gain": -0.8, "color": -8869852}, {"type": 3, "channels": 0, "frequency": 1700, "q": 1.2, "gain": -1.7, "color": -9868519}, {"type": 3, "channels": 0, "frequency": 3200, "q": 1.8, "gain": 3.3, "color": -4052656}, {"type": 3, "channels": 0, "frequency": 5600, "q": 5.0, "gain": -2.6, "color": -2918709}, {"type": 3, "channels": 0, "frequency": 6100, "q": 5.0, "gain": 2.7, "color": -6763423}, {"type": 3, "channels": 0, "frequency": 6800, "q": 4.8, "gain": -4.9, "color": -11807381}, {"type": 3, "channels": 0, "frequency": 7800, "q": 5.0, "gain": 12.5, "color": -15556901}, {"type": 3, "channels": 0, "frequency": 9600, "q": 5.0, "gain": -3.5, "color": -15634965}, {"type": 3, "channels": 0, "frequency": 11000, "q": 1.6, "gain": -3.0, "color": -275565}, {"type": 3, "channels": 0, "frequency": 16000, "q": 4.3, "gain": -7.6, "color": -4803498}, {"type": 3, "channels": 0, "frequency": 20000, "q": 1.8, "gain": 11.8, "color": -9263258}]}]