[{"name": "Subtonic Storm nodip(AVG) [5128 DF (Tilt -1dBOct)]", "preamp": 0.0, "parametric": true, "bands": [{"type": 0, "channels": 0, "frequency": 90, "q": 0, "gain": 0.0, "color": 0}, {"type": 1, "channels": 0, "frequency": 10000, "q": 0, "gain": 0.0, "color": 0}, {"type": 3, "channels": 0, "frequency": 30, "q": 0.4, "gain": -5.7, "color": -9301730}, {"type": 3, "channels": 0, "frequency": 240, "q": 1.5, "gain": 0.6, "color": -4021369}, {"type": 3, "channels": 0, "frequency": 400, "q": 3.7, "gain": 0.5, "color": -15763761}, {"type": 3, "channels": 0, "frequency": 1000, "q": 3.6, "gain": -0.9, "color": -3437353}, {"type": 3, "channels": 0, "frequency": 1600, "q": 1.7, "gain": -1.5, "color": -15950524}, {"type": 3, "channels": 0, "frequency": 3300, "q": 2.2, "gain": 3.1, "color": -446930}, {"type": 3, "channels": 0, "frequency": 5500, "q": 5.0, "gain": -1.5, "color": -6840668}, {"type": 3, "channels": 0, "frequency": 6900, "q": 5.0, "gain": -3.7, "color": -11778039}, {"type": 3, "channels": 0, "frequency": 7500, "q": 3.2, "gain": 3.0, "color": -248071}, {"type": 3, "channels": 0, "frequency": 8200, "q": 2.9, "gain": 2.8, "color": -16501744}, {"type": 3, "channels": 0, "frequency": 9700, "q": 5.0, "gain": -6.1, "color": -13108792}, {"type": 3, "channels": 0, "frequency": 15000, "q": 3.8, "gain": -7.2, "color": -14099037}, {"type": 3, "channels": 0, "frequency": 16000, "q": 5.0, "gain": -4.9, "color": -1252860}, {"type": 3, "channels": 0, "frequency": 20000, "q": 1.2, "gain": 11.6, "color": -4603709}]}]