[{"name": "Symphonium Helios (Azla Sedna Tips) (AVG) [5128 DF (Tilt -1dBOct)]", "preamp": 0.0, "parametric": true, "bands": [{"type": 0, "channels": 0, "frequency": 90, "q": 0, "gain": 0.0, "color": 0}, {"type": 1, "channels": 0, "frequency": 10000, "q": 0, "gain": 0.0, "color": 0}, {"type": 3, "channels": 0, "frequency": 33, "q": 0.8, "gain": -2.6, "color": -14350218}, {"type": 3, "channels": 0, "frequency": 100, "q": 3.2, "gain": 2.6, "color": -16245550}, {"type": 3, "channels": 0, "frequency": 130, "q": 4.3, "gain": -1.3, "color": -4640357}, {"type": 3, "channels": 0, "frequency": 190, "q": 4.0, "gain": 0.6, "color": -1623266}, {"type": 3, "channels": 0, "frequency": 270, "q": 0.8, "gain": 2.6, "color": -5374110}, {"type": 3, "channels": 0, "frequency": 380, "q": 5.0, "gain": 0.7, "color": -4536422}, {"type": 3, "channels": 0, "frequency": 1700, "q": 0.8, "gain": -2.8, "color": -2374308}, {"type": 3, "channels": 0, "frequency": 3200, "q": 2.3, "gain": 5.2, "color": -3783966}, {"type": 3, "channels": 0, "frequency": 6200, "q": 3.6, "gain": -3.7, "color": -3320316}, {"type": 3, "channels": 0, "frequency": 6900, "q": 5.0, "gain": -2.3, "color": -3023841}, {"type": 3, "channels": 0, "frequency": 9300, "q": 2.0, "gain": 5.1, "color": -14619184}, {"type": 3, "channels": 0, "frequency": 10000, "q": 2.8, "gain": 1.2, "color": -9795315}, {"type": 3, "channels": 0, "frequency": 12000, "q": 5.0, "gain": -9.8, "color": -6900608}]}]