[{"name": "Symphonium Crimson (Azla Sedna Tips) (AVG) [5128 DF (Tilt -1dBOct)]", "preamp": 0.0, "parametric": true, "bands": [{"type": 0, "channels": 0, "frequency": 90, "q": 0, "gain": 0.0, "color": 0}, {"type": 1, "channels": 0, "frequency": 10000, "q": 0, "gain": 0.0, "color": 0}, {"type": 3, "channels": 0, "frequency": 21, "q": 2.6, "gain": -0.8, "color": -6807567}, {"type": 3, "channels": 0, "frequency": 35, "q": 0.5, "gain": -5.5, "color": -13540274}, {"type": 3, "channels": 0, "frequency": 71, "q": 2.6, "gain": -0.5, "color": -8547521}, {"type": 3, "channels": 0, "frequency": 160, "q": 5.0, "gain": -0.7, "color": -2276981}, {"type": 3, "channels": 0, "frequency": 340, "q": 0.9, "gain": 1.0, "color": -6152397}, {"type": 3, "channels": 0, "frequency": 730, "q": 3.5, "gain": 0.5, "color": -3837464}, {"type": 3, "channels": 0, "frequency": 1900, "q": 1.1, "gain": -2.4, "color": -4376840}, {"type": 3, "channels": 0, "frequency": 3000, "q": 2.8, "gain": 2.8, "color": -8563593}, {"type": 3, "channels": 0, "frequency": 4400, "q": 5.0, "gain": 4.1, "color": -9321369}, {"type": 3, "channels": 0, "frequency": 4900, "q": 5.0, "gain": -2.7, "color": -6702928}, {"type": 3, "channels": 0, "frequency": 6900, "q": 5.0, "gain": -4.3, "color": -1782633}, {"type": 3, "channels": 0, "frequency": 8900, "q": 1.8, "gain": 6.0, "color": -12706311}, {"type": 3, "channels": 0, "frequency": 12000, "q": 5.0, "gain": -10.0, "color": -15637430}, {"type": 3, "channels": 0, "frequency": 17000, "q": 1.5, "gain": -8.9, "color": -14427743}]}]