[{"name": "Symphonium Meteor [5128 DF (Tilt -1dBOct)]", "preamp": 0.0, "parametric": true, "bands": [{"type": 0, "channels": 0, "frequency": 90, "q": 0, "gain": 0.0, "color": 0}, {"type": 1, "channels": 0, "frequency": 10000, "q": 0, "gain": 0.0, "color": 0}, {"type": 3, "channels": 0, "frequency": 45, "q": 0.3, "gain": -7.3, "color": -5739897}, {"type": 3, "channels": 0, "frequency": 150, "q": 4.0, "gain": 1.4, "color": -10132063}, {"type": 3, "channels": 0, "frequency": 200, "q": 3.2, "gain": -1.5, "color": -7745550}, {"type": 3, "channels": 0, "frequency": 430, "q": 1.6, "gain": 1.4, "color": -16655094}, {"type": 3, "channels": 0, "frequency": 1000, "q": 4.9, "gain": -0.9, "color": -8269118}, {"type": 3, "channels": 0, "frequency": 1700, "q": 1.3, "gain": -3.1, "color": -1338955}, {"type": 3, "channels": 0, "frequency": 1700, "q": 5.0, "gain": 1.0, "color": -3144908}, {"type": 3, "channels": 0, "frequency": 2300, "q": 2.9, "gain": -1.1, "color": -12795288}, {"type": 3, "channels": 0, "frequency": 3100, "q": 4.1, "gain": 2.3, "color": -849157}, {"type": 3, "channels": 0, "frequency": 5000, "q": 5.0, "gain": 3.8, "color": -3542400}, {"type": 3, "channels": 0, "frequency": 5200, "q": 0.6, "gain": 5.8, "color": -13463259}, {"type": 3, "channels": 0, "frequency": 5900, "q": 3.6, "gain": -5.2, "color": -10403753}, {"type": 3, "channels": 0, "frequency": 8400, "q": 4.1, "gain": 4.3, "color": -14640411}, {"type": 3, "channels": 0, "frequency": 17000, "q": 1.2, "gain": -4.3, "color": -13658840}]}]