[{"name": "Thieaudio MonarchMkII (R) [5128 DF (Tilt -1dBOct)]", "preamp": 0.0, "parametric": true, "bands": [{"type": 0, "channels": 0, "frequency": 90, "q": 0, "gain": 0.0, "color": 0}, {"type": 1, "channels": 0, "frequency": 10000, "q": 0, "gain": 0.0, "color": 0}, {"type": 3, "channels": 0, "frequency": 33, "q": 0.4, "gain": -4.9, "color": -15149115}, {"type": 3, "channels": 0, "frequency": 100, "q": 4.7, "gain": 0.5, "color": -11535049}, {"type": 3, "channels": 0, "frequency": 150, "q": 4.2, "gain": 1.3, "color": -4702168}, {"type": 3, "channels": 0, "frequency": 380, "q": 1.1, "gain": 1.9, "color": -7178936}, {"type": 3, "channels": 0, "frequency": 400, "q": 5.0, "gain": 1.3, "color": -4394665}, {"type": 3, "channels": 0, "frequency": 470, "q": 4.9, "gain": -0.9, "color": -5760860}, {"type": 3, "channels": 0, "frequency": 740, "q": 4.8, "gain": 0.7, "color": -12366426}, {"type": 3, "channels": 0, "frequency": 1500, "q": 1.2, "gain": -1.2, "color": -11069751}, {"type": 3, "channels": 0, "frequency": 3000, "q": 4.2, "gain": 2.1, "color": -2990016}, {"type": 3, "channels": 0, "frequency": 4500, "q": 5.0, "gain": 3.1, "color": -11783328}, {"type": 3, "channels": 0, "frequency": 5100, "q": 5.0, "gain": -2.9, "color": -16279389}, {"type": 3, "channels": 0, "frequency": 6400, "q": 2.0, "gain": -3.5, "color": -1000453}, {"type": 3, "channels": 0, "frequency": 8300, "q": 5.0, "gain": 5.6, "color": -12421311}, {"type": 3, "channels": 0, "frequency": 13000, "q": 4.3, "gain": -6.9, "color": -6885939}]}]