[{"name": "Thieaudio Hype2 (AVG) [5128 DF (Tilt -1dBOct)]", "preamp": 0.0, "parametric": true, "bands": [{"type": 0, "channels": 0, "frequency": 90, "q": 0, "gain": 0.0, "color": 0}, {"type": 1, "channels": 0, "frequency": 10000, "q": 0, "gain": 0.0, "color": 0}, {"type": 3, "channels": 0, "frequency": 31, "q": 0.5, "gain": -5.5, "color": -699715}, {"type": 3, "channels": 0, "frequency": 64, "q": 1.7, "gain": -1.1, "color": -1822141}, {"type": 3, "channels": 0, "frequency": 110, "q": 5.0, "gain": 1.5, "color": -14559536}, {"type": 3, "channels": 0, "frequency": 130, "q": 3.0, "gain": -1.4, "color": -10169214}, {"type": 3, "channels": 0, "frequency": 230, "q": 3.0, "gain": 0.9, "color": -16262869}, {"type": 3, "channels": 0, "frequency": 410, "q": 1.5, "gain": 1.9, "color": -10375335}, {"type": 3, "channels": 0, "frequency": 1200, "q": 1.9, "gain": -1.3, "color": -16419800}, {"type": 3, "channels": 0, "frequency": 3000, "q": 1.8, "gain": 3.3, "color": -7811362}, {"type": 3, "channels": 0, "frequency": 5500, "q": 1.9, "gain": -4.1, "color": -11238740}, {"type": 3, "channels": 0, "frequency": 6600, "q": 4.2, "gain": -1.4, "color": -14867412}, {"type": 3, "channels": 0, "frequency": 8200, "q": 4.1, "gain": 2.4, "color": -2233194}, {"type": 3, "channels": 0, "frequency": 13000, "q": 2.9, "gain": -7.3, "color": -150429}, {"type": 3, "channels": 0, "frequency": 15000, "q": 3.2, "gain": -7.0, "color": -349453}, {"type": 3, "channels": 0, "frequency": 19000, "q": 1.9, "gain": 15.2, "color": -10049390}]}]