[{"name": "Thieaudio Hype4 (L) [5128 DF (Tilt -1dBOct)]", "preamp": 0.0, "parametric": true, "bands": [{"type": 0, "channels": 0, "frequency": 90, "q": 0, "gain": 0.0, "color": 0}, {"type": 1, "channels": 0, "frequency": 10000, "q": 0, "gain": 0.0, "color": 0}, {"type": 3, "channels": 0, "frequency": 29, "q": 0.4, "gain": -6.2, "color": -6186881}, {"type": 3, "channels": 0, "frequency": 67, "q": 1.5, "gain": -1.1, "color": -16503727}, {"type": 3, "channels": 0, "frequency": 130, "q": 4.9, "gain": 1.1, "color": -2636317}, {"type": 3, "channels": 0, "frequency": 410, "q": 1.0, "gain": 2.3, "color": -13354425}, {"type": 3, "channels": 0, "frequency": 1500, "q": 1.0, "gain": -1.7, "color": -7735770}, {"type": 3, "channels": 0, "frequency": 3300, "q": 2.4, "gain": 1.8, "color": -9130733}, {"type": 3, "channels": 0, "frequency": 5100, "q": 2.7, "gain": -1.5, "color": -6040314}, {"type": 3, "channels": 0, "frequency": 8100, "q": 4.1, "gain": 3.4, "color": -3711570}, {"type": 3, "channels": 0, "frequency": 14000, "q": 1.6, "gain": -8.8, "color": -5492107}]}]