[{"name": "Thieaudio Monarch MkII (AVG) [5128 DF (Tilt -1dBOct)]", "preamp": 0.0, "parametric": true, "bands": [{"type": 0, "channels": 0, "frequency": 90, "q": 0, "gain": 0.0, "color": 0}, {"type": 1, "channels": 0, "frequency": 10000, "q": 0, "gain": 0.0, "color": 0}, {"type": 3, "channels": 0, "frequency": 33, "q": 0.4, "gain": -5.0, "color": -7029472}, {"type": 3, "channels": 0, "frequency": 140, "q": 2.5, "gain": 1.1, "color": -2275465}, {"type": 3, "channels": 0, "frequency": 380, "q": 0.8, "gain": 1.5, "color": -15342373}, {"type": 3, "channels": 0, "frequency": 390, "q": 5.0, "gain": 0.9, "color": -3820013}, {"type": 3, "channels": 0, "frequency": 1500, "q": 0.9, "gain": -1.3, "color": -5480463}, {"type": 3, "channels": 0, "frequency": 3000, "q": 4.1, "gain": 2.1, "color": -11954652}, {"type": 3, "channels": 0, "frequency": 4400, "q": 4.9, "gain": 3.0, "color": -3093216}, {"type": 3, "channels": 0, "frequency": 5200, "q": 5.0, "gain": -3.2, "color": -1701489}, {"type": 3, "channels": 0, "frequency": 6400, "q": 1.8, "gain": -2.2, "color": -15554739}, {"type": 3, "channels": 0, "frequency": 8300, "q": 5.0, "gain": 4.5, "color": -12691326}, {"type": 3, "channels": 0, "frequency": 13000, "q": 5.0, "gain": -6.2, "color": -10945824}, {"type": 3, "channels": 0, "frequency": 15000, "q": 5.0, "gain": -4.3, "color": -4130262}, {"type": 3, "channels": 0, "frequency": 18000, "q": 0.9, "gain": 1.8, "color": -10262813}, {"type": 3, "channels": 0, "frequency": 20000, "q": 3.8, "gain": 6.9, "color": -7682608}]}]