[{"name": "Thieaudio Hype10 (L) [5128 DF (Tilt -1dBOct)]", "preamp": 0.0, "parametric": true, "bands": [{"type": 0, "channels": 0, "frequency": 90, "q": 0, "gain": 0.0, "color": 0}, {"type": 1, "channels": 0, "frequency": 10000, "q": 0, "gain": 0.0, "color": 0}, {"type": 3, "channels": 0, "frequency": 21, "q": 5.0, "gain": -1.1, "color": -4966910}, {"type": 3, "channels": 0, "frequency": 40, "q": 0.4, "gain": -5.7, "color": -6783504}, {"type": 3, "channels": 0, "frequency": 140, "q": 5.0, "gain": 1.2, "color": -5582727}, {"type": 3, "channels": 0, "frequency": 470, "q": 0.8, "gain": 2.6, "color": -5439442}, {"type": 3, "channels": 0, "frequency": 1500, "q": 1.1, "gain": -2.5, "color": -2936782}, {"type": 3, "channels": 0, "frequency": 2200, "q": 2.9, "gain": -1.6, "color": -11521895}, {"type": 3, "channels": 0, "frequency": 3100, "q": 2.9, "gain": 4.1, "color": -15225703}, {"type": 3, "channels": 0, "frequency": 4500, "q": 3.5, "gain": -1.9, "color": -14838838}, {"type": 3, "channels": 0, "frequency": 6700, "q": 4.8, "gain": -1.9, "color": -2279316}, {"type": 3, "channels": 0, "frequency": 8300, "q": 4.6, "gain": 3.7, "color": -15827019}, {"type": 3, "channels": 0, "frequency": 9300, "q": 5.0, "gain": -1.9, "color": -3133525}, {"type": 3, "channels": 0, "frequency": 15000, "q": 3.3, "gain": -8.6, "color": -6016467}, {"type": 3, "channels": 0, "frequency": 19000, "q": 2.5, "gain": 8.1, "color": -11128379}]}]