[{"name": "Thieaudio MonarchMkII (L) [5128 DF (Tilt -1dBOct)]", "preamp": 0.0, "parametric": true, "bands": [{"type": 0, "channels": 0, "frequency": 90, "q": 0, "gain": 0.0, "color": 0}, {"type": 1, "channels": 0, "frequency": 10000, "q": 0, "gain": 0.0, "color": 0}, {"type": 3, "channels": 0, "frequency": 34, "q": 0.4, "gain": -5.0, "color": -13057772}, {"type": 3, "channels": 0, "frequency": 130, "q": 3.0, "gain": 1.0, "color": -7890531}, {"type": 3, "channels": 0, "frequency": 350, "q": 0.7, "gain": 1.4, "color": -7576481}, {"type": 3, "channels": 0, "frequency": 420, "q": 4.1, "gain": 0.7, "color": -14308040}, {"type": 3, "channels": 0, "frequency": 1300, "q": 1.4, "gain": -1.3, "color": -3986567}, {"type": 3, "channels": 0, "frequency": 2100, "q": 1.9, "gain": -0.7, "color": -4725894}, {"type": 3, "channels": 0, "frequency": 3000, "q": 4.3, "gain": 1.8, "color": -15972193}, {"type": 3, "channels": 0, "frequency": 4300, "q": 5.0, "gain": 2.5, "color": -15294036}, {"type": 3, "channels": 0, "frequency": 5100, "q": 5.0, "gain": -1.8, "color": -7312362}, {"type": 3, "channels": 0, "frequency": 5400, "q": 4.1, "gain": -2.2, "color": -3785268}, {"type": 3, "channels": 0, "frequency": 8400, "q": 5.0, "gain": 3.2, "color": -10720886}, {"type": 3, "channels": 0, "frequency": 13000, "q": 5.0, "gain": -5.4, "color": -12154892}, {"type": 3, "channels": 0, "frequency": 19000, "q": 3.4, "gain": 5.1, "color": -10317087}]}]