[{"name": "Truthear ZeroRED (AVG) [5128 DF (Tilt -1dBOct)]", "preamp": 0.0, "parametric": true, "bands": [{"type": 0, "channels": 0, "frequency": 90, "q": 0, "gain": 0.0, "color": 0}, {"type": 1, "channels": 0, "frequency": 10000, "q": 0, "gain": 0.0, "color": 0}, {"type": 3, "channels": 0, "frequency": 35, "q": 0.4, "gain": -4.2, "color": -3025555}, {"type": 3, "channels": 0, "frequency": 170, "q": 2.5, "gain": 1.5, "color": -10308980}, {"type": 3, "channels": 0, "frequency": 240, "q": 0.5, "gain": 2.6, "color": -15732343}, {"type": 3, "channels": 0, "frequency": 260, "q": 2.5, "gain": -1.2, "color": -2971082}, {"type": 3, "channels": 0, "frequency": 410, "q": 3.9, "gain": 0.8, "color": -7265333}, {"type": 3, "channels": 0, "frequency": 1000, "q": 5.0, "gain": -0.7, "color": -10224}, {"type": 3, "channels": 0, "frequency": 1600, "q": 1.3, "gain": -2.6, "color": -2706904}, {"type": 3, "channels": 0, "frequency": 2800, "q": 3.7, "gain": 1.6, "color": -1620657}, {"type": 3, "channels": 0, "frequency": 4200, "q": 3.8, "gain": -1.0, "color": -1163379}, {"type": 3, "channels": 0, "frequency": 5900, "q": 2.4, "gain": 1.8, "color": -6051477}, {"type": 3, "channels": 0, "frequency": 18000, "q": 2.4, "gain": 8.3, "color": -6850634}, {"type": 3, "channels": 0, "frequency": 20000, "q": 1.8, "gain": 11.8, "color": -4175497}]}]