[{"name": "Truthear Hexa (AVG) [5128 DF (Tilt -1dBOct)]", "preamp": 0.0, "parametric": true, "bands": [{"type": 0, "channels": 0, "frequency": 90, "q": 0, "gain": 0.0, "color": 0}, {"type": 1, "channels": 0, "frequency": 10000, "q": 0, "gain": 0.0, "color": 0}, {"type": 3, "channels": 0, "frequency": 20, "q": 0.4, "gain": -3.5, "color": -13957177}, {"type": 3, "channels": 0, "frequency": 260, "q": 2.1, "gain": -1.0, "color": -11439303}, {"type": 3, "channels": 0, "frequency": 300, "q": 0.3, "gain": 1.0, "color": -6940343}, {"type": 3, "channels": 0, "frequency": 520, "q": 1.5, "gain": 0.6, "color": -3026326}, {"type": 3, "channels": 0, "frequency": 1000, "q": 5.0, "gain": -0.8, "color": -1388069}, {"type": 3, "channels": 0, "frequency": 1400, "q": 1.5, "gain": -2.1, "color": -732150}, {"type": 3, "channels": 0, "frequency": 2700, "q": 4.3, "gain": 0.8, "color": -3500918}, {"type": 3, "channels": 0, "frequency": 4400, "q": 5.0, "gain": 0.7, "color": -15557439}, {"type": 3, "channels": 0, "frequency": 5200, "q": 3.9, "gain": 1.0, "color": -13010702}, {"type": 3, "channels": 0, "frequency": 11000, "q": 4.1, "gain": 1.2, "color": -3863527}, {"type": 3, "channels": 0, "frequency": 12000, "q": 3.8, "gain": -5.5, "color": -5599833}, {"type": 3, "channels": 0, "frequency": 15000, "q": 2.6, "gain": -3.4, "color": -2895693}, {"type": 3, "channels": 0, "frequency": 19000, "q": 2.2, "gain": 8.1, "color": -6844641}]}]