[{"name": "Truthear Hola (AVG) [5128 DF (Tilt -1dBOct)]", "preamp": 0.0, "parametric": true, "bands": [{"type": 0, "channels": 0, "frequency": 90, "q": 0, "gain": 0.0, "color": 0}, {"type": 1, "channels": 0, "frequency": 10000, "q": 0, "gain": 0.0, "color": 0}, {"type": 3, "channels": 0, "frequency": 21, "q": 0.3, "gain": -5.2, "color": -6850127}, {"type": 3, "channels": 0, "frequency": 150, "q": 2.9, "gain": 0.7, "color": -10504745}, {"type": 3, "channels": 0, "frequency": 220, "q": 3.3, "gain": -1.2, "color": -13700054}, {"type": 3, "channels": 0, "frequency": 390, "q": 0.5, "gain": 1.3, "color": -207555}, {"type": 3, "channels": 0, "frequency": 400, "q": 4.6, "gain": 0.9, "color": -12497719}, {"type": 3, "channels": 0, "frequency": 1400, "q": 1.4, "gain": -2.6, "color": -11020276}, {"type": 3, "channels": 0, "frequency": 2000, "q": 3.4, "gain": -1.0, "color": -10444215}, {"type": 3, "channels": 0, "frequency": 2900, "q": 2.8, "gain": 2.4, "color": -5096965}, {"type": 3, "channels": 0, "frequency": 4400, "q": 3.3, "gain": -1.0, "color": -4877126}, {"type": 3, "channels": 0, "frequency": 5700, "q": 5.0, "gain": 1.4, "color": -11053566}, {"type": 3, "channels": 0, "frequency": 9400, "q": 2.4, "gain": 6.3, "color": -7814999}, {"type": 3, "channels": 0, "frequency": 11000, "q": 5.0, "gain": 4.3, "color": -11587263}, {"type": 3, "channels": 0, "frequency": 12000, "q": 3.5, "gain": -9.4, "color": -13836001}]}]