[{"name": "Truthear Nova (AET07 Tips) (AVG) [5128 DF (Tilt -1dBOct)]", "preamp": 0.0, "parametric": true, "bands": [{"type": 0, "channels": 0, "frequency": 90, "q": 0, "gain": 0.0, "color": 0}, {"type": 1, "channels": 0, "frequency": 10000, "q": 0, "gain": 0.0, "color": 0}, {"type": 3, "channels": 0, "frequency": 20, "q": 0.3, "gain": -5.1, "color": -12795507}, {"type": 3, "channels": 0, "frequency": 270, "q": 2.3, "gain": -1.2, "color": -3273121}, {"type": 3, "channels": 0, "frequency": 290, "q": 0.5, "gain": 4.3, "color": -10720915}, {"type": 3, "channels": 0, "frequency": 770, "q": 3.1, "gain": 0.5, "color": -11812770}, {"type": 3, "channels": 0, "frequency": 1000, "q": 5.0, "gain": -0.6, "color": -4129494}, {"type": 3, "channels": 0, "frequency": 1500, "q": 1.0, "gain": -2.3, "color": -13527551}, {"type": 3, "channels": 0, "frequency": 5600, "q": 1.2, "gain": -1.1, "color": -10621196}, {"type": 3, "channels": 0, "frequency": 6500, "q": 5.0, "gain": -1.2, "color": -12727386}, {"type": 3, "channels": 0, "frequency": 8300, "q": 4.0, "gain": 2.2, "color": -6353808}, {"type": 3, "channels": 0, "frequency": 9300, "q": 5.0, "gain": -2.5, "color": -6444410}, {"type": 3, "channels": 0, "frequency": 15000, "q": 3.9, "gain": -3.8, "color": -4011728}, {"type": 3, "channels": 0, "frequency": 16000, "q": 2.8, "gain": -2.3, "color": -7070061}, {"type": 3, "channels": 0, "frequency": 19000, "q": 2.4, "gain": 13.2, "color": -13434417}]}]