[{"name": "Truthear x Crinacle Red (AVG) [5128 DF (Tilt -1dBOct)]", "preamp": 0.0, "parametric": true, "bands": [{"type": 0, "channels": 0, "frequency": 90, "q": 0, "gain": 0.0, "color": 0}, {"type": 1, "channels": 0, "frequency": 10000, "q": 0, "gain": 0.0, "color": 0}, {"type": 3, "channels": 0, "frequency": 33, "q": 0.4, "gain": -4.4, "color": -4016535}, {"type": 3, "channels": 0, "frequency": 170, "q": 2.4, "gain": 1.3, "color": -15196317}, {"type": 3, "channels": 0, "frequency": 240, "q": 0.6, "gain": 2.6, "color": -965151}, {"type": 3, "channels": 0, "frequency": 260, "q": 2.8, "gain": -1.4, "color": -1069740}, {"type": 3, "channels": 0, "frequency": 420, "q": 5.0, "gain": 0.9, "color": -10276760}, {"type": 3, "channels": 0, "frequency": 1000, "q": 4.9, "gain": -0.6, "color": -2226325}, {"type": 3, "channels": 0, "frequency": 1600, "q": 1.2, "gain": -2.4, "color": -1783809}, {"type": 3, "channels": 0, "frequency": 2800, "q": 3.5, "gain": 1.7, "color": -15660143}, {"type": 3, "channels": 0, "frequency": 4100, "q": 2.9, "gain": -0.8, "color": -13939354}, {"type": 3, "channels": 0, "frequency": 5800, "q": 3.2, "gain": 1.6, "color": -13493604}, {"type": 3, "channels": 0, "frequency": 10000, "q": 5.0, "gain": 2.4, "color": -106963}, {"type": 3, "channels": 0, "frequency": 12000, "q": 5.0, "gain": -2.2, "color": -2742534}, {"type": 3, "channels": 0, "frequency": 18000, "q": 2.1, "gain": 4.3, "color": -9659496}, {"type": 3, "channels": 0, "frequency": 19000, "q": 1.9, "gain": 16.4, "color": -12168116}]}]