[{"name": "Yamaha YH5000se (Leather Pads) (AVG) [5128 DF (Tilt -1dBOct)]", "preamp": 0.0, "parametric": true, "bands": [{"type": 0, "channels": 0, "frequency": 90, "q": 0, "gain": 0.0, "color": 0}, {"type": 1, "channels": 0, "frequency": 10000, "q": 0, "gain": 0.0, "color": 0}, {"type": 3, "channels": 0, "frequency": 21, "q": 0.9, "gain": 6.3, "color": -11932664}, {"type": 3, "channels": 0, "frequency": 83, "q": 1.4, "gain": -1.0, "color": -6646583}, {"type": 3, "channels": 0, "frequency": 180, "q": 4.8, "gain": 0.3, "color": -10399801}, {"type": 3, "channels": 0, "frequency": 250, "q": 2.1, "gain": 2.3, "color": -14982995}, {"type": 3, "channels": 0, "frequency": 340, "q": 4.8, "gain": -0.5, "color": -12084971}, {"type": 3, "channels": 0, "frequency": 640, "q": 2.0, "gain": 1.3, "color": -12981068}, {"type": 3, "channels": 0, "frequency": 1300, "q": 1.8, "gain": -4.7, "color": -4769558}, {"type": 3, "channels": 0, "frequency": 1400, "q": 3.4, "gain": -3.2, "color": -12032172}, {"type": 3, "channels": 0, "frequency": 3000, "q": 2.3, "gain": 17.8, "color": -9230702}, {"type": 3, "channels": 0, "frequency": 4500, "q": 3.3, "gain": 3.8, "color": -16480013}, {"type": 3, "channels": 0, "frequency": 7200, "q": 2.0, "gain": -3.1, "color": -1636035}, {"type": 3, "channels": 0, "frequency": 11000, "q": 1.0, "gain": -3.3, "color": -1531247}]}]